alpha_deg,cl_clean_baseline,cl_flap_only,cl_blow_only,cl_all_high_lift,cd_clean_baseline,cd_flap_only,cd_blow_only,cd_all_high_lift,cm_clean_baseline,cm_flap_only,cm_blow_only,cm_all_high_lift,cambridge_clean_immersion_factor,cambridge_flap_immersion_factor,cambridge_clean_margin_m,cambridge_flap_margin_m
-6.0,-0.20782751512513015,1.1580931002125867,0.45071837440970447,3.7954345130288267,0.10231249434486275,2.0540942136828573,0.43794734279159064,4.262581472272162,-0.0323141084465485,-0.21726885841706653,-0.8794772777657228,-0.778803061957924,0.9999999999605955,0.9999999979862813,0.08385,0.07008148940051433
-5.716666666666667,-0.1908056504972146,1.1710172278046214,0.9535224615645065,3.9986263197302194,0.0988136081855563,2.0720556789857865,0.3444805154271331,4.366653354995439,-0.03626902114310818,-0.22049708774902196,-1.0673145555962043,-0.8586512223717426,0.9999999999605955,0.9999999979862813,0.08385,0.07008148940051433
-5.433333333333334,-0.16985476481243933,1.184331844044575,1.4947460917648394,4.216474458235079,0.0951307893453358,2.0898185566494862,0.25006405790141195,4.4723229445043104,-0.04097381660550214,-0.22375205178977597,-1.2823408141072004,-0.9485447049367557,0.9999999999605955,0.9999999979862813,0.08385,0.07008148940051433
-5.15,-0.1441901600682746,1.198436217229535,2.096125340875568,4.457668524907822,0.09131865441807747,2.1072590730945557,0.17837708439197886,4.589614958947191,-0.04651048349223166,-0.227206691645287,-1.4252578646725127,-1.0110374537900957,0.9999999999605955,0.9999999979862813,0.08385,0.07008148940051433
-4.866666666666667,-0.11033996928039431,1.214408664986269,2.573607165480108,4.648452548619566,0.08741541334944697,2.124361631269952,0.14600395844656716,4.718842276033522,-0.0532131969470553,-0.2310176206176036,-1.471954770176203,-1.0369745844087936,0.9999999999605955,0.9999999979862813,0.08385,0.07008148940051433
-4.583333333333334,-0.05729735188889966,1.2352931881334326,2.941384999036313,4.793583009454579,0.0831563603460981,2.141142392211375,0.13046259614324346,4.849672077191068,-0.06301951628632467,-0.23572253287579673,-1.4816333795799432,-1.0486584123572131,0.9999999999605955,0.9999999979862813,0.08385,0.07008148940051433
-4.3,0.030444355581946535,1.265299836933408,3.2556383143724554,4.914153898474727,0.07452672547887776,2.1565715630859676,0.11715974578419522,4.976614765032773,-0.08702956564141144,-0.2442921938818692,-1.4842694738594422,-1.0565437995011373,0.9999999999605955,0.9999999979862813,0.08385,0.07008148940051433
-4.016666666666667,0.1483367023162548,1.3032376683165463,3.531735939130717,5.0167377377661335,0.05109647248696844,2.167733852997358,0.09964642824725639,5.096662119923076,-0.1357202025956566,-0.25952165217551565,-1.4907376057641,-1.0639041480049631,0.9999999999605955,0.9999999979862813,0.08385,0.07008148940051433
-3.7333333333333334,0.29018442898785063,1.3474616739582177,3.7761139294473836,5.104479966539675,0.03448664634164402,2.18117550000805,0.08704158894058936,5.210170788484947,-0.17423091987883166,-0.27204974180931546,-1.488115206623949,-1.0686400679597132,0.9999999999605955,0.9999999979862813,0.08385,0.07008148940051433
-3.45,0.41228574541822455,1.3862658305111673,3.9783515230995046,5.1771406972084195,0.028342763139031838,2.1980944211986597,0.08040338811975567,5.315692714256015,-0.19943586450256776,-0.2810251279647564,-1.4768958424764256,-1.0711732488676189,0.9999999999605955,0.9999999979862813,0.08385,0.07008148940051433
-3.166666666666667,0.5089383620931286,1.4181300339997063,4.144551452865113,5.2376779356799394,0.024895041173496512,2.2162771726692974,0.07568598557792272,5.410818024917612,-0.2155330427328353,-0.2875626214578373,-1.4606338860368704,-1.0724813257029657,0.9999999999605955,0.9999999979862813,0.08385,0.07008148940051433
-2.8833333333333333,0.586257287432385,1.4447024261662746,4.28382027336332,5.289190261071791,0.022660845163700222,2.235336510455387,0.07164453165922383,5.493990579676184,-0.22488487006696598,-0.2922874133474113,-1.441598742740267,-1.0731981781146485,0.9999999999605955,0.9999999979862813,0.08385,0.07008148940051433
-2.6,0.6511294903661263,1.4678388173252066,4.403310437884521,5.333924832160159,0.021010942327256407,2.2551080843975324,0.06763778658889177,5.564175516126813,-0.23079905321319336,-0.2960801761587203,-1.4216854775648788,-1.0737481295015336,0.9999999999605955,0.9999999979862813,0.08385,0.07008148940051433
-2.316666666666667,0.708250076595711,1.4888082163393037,4.51205535756926,5.375066878310696,0.019751961640360634,2.2755314749555087,0.06422075787403012,5.621888187547748,-0.23520670165037913,-0.2994540660832927,-1.3995924194338758,-1.073483108317982,0.9999999999605955,0.9999999979862813,0.08385,0.07008148940051433
-2.033333333333333,0.7606628014323987,1.5084376398043104,4.61744735741482,5.415286946400133,0.018951309519202306,2.2966029727985093,0.06279736252856634,5.669060134671331,-0.23871834525482144,-0.30256930955553296,-1.3728126502621838,-1.0714279247345602,0.9999999999605955,0.9999999979862813,0.08385,0.07008148940051433
-1.75,0.8112700331120166,1.5275167643686527,4.711546914168136,5.451164154278576,0.018837794111908168,2.3183505099587487,0.0628476897221473,5.706176689749226,-0.2415033715903451,-0.3054686466799407,-1.345013904748369,-1.0689517448748918,0.9999999999605955,0.9999999979862813,0.08385,0.07008148940051433
-1.4666666666666668,0.8596544803277675,1.545945678167124,4.790099787010922,5.481038378462923,0.019371878489285194,2.3407105313375296,0.06305237763866817,5.734954086565514,-0.24374488194794983,-0.308199037297785,-1.319038089806226,-1.067109761702612,0.9999999999605955,0.9999999979862813,0.08385,0.07008148940051433
-1.1833333333333336,0.9019684261564856,1.5627050798455775,4.85779734987007,5.5071054612484485,0.019962116400027506,2.36344771524302,0.06304386045373345,5.7599780181534985,-0.24521567856812637,-0.3106978180484173,-1.2940042446133617,-1.0655995936058589,0.9999999999605955,0.9999999979862813,0.08385,0.07008148940051433
-0.9000000000000004,0.9380352325698432,1.5777601448063148,4.918987491847269,5.531096265301749,0.020233444338335405,2.38638539331895,0.06284860070195745,5.786256347393689,-0.2458576064630179,-0.3129479157749253,-1.2689885196917037,-1.0640917175083255,0.9999999999605955,0.9999999979862813,0.08385,0.07008148940051433
-0.6166666666666671,0.971063419500692,1.5919838753996234,4.976225832423651,5.553732654301696,0.020282574899101256,2.4094838465535253,0.06256923139965256,5.817893826562042,-0.24600396744818656,-0.3150374091520144,-1.2439276318763317,-1.0625353485804838,0.9999999999605955,0.9999999979862813,0.08385,0.07008148940051433
-0.3333333333333339,1.003502205626773,1.60604601866313,5.030624873450127,5.575237243744507,0.020291130759375116,2.432728209995964,0.06227814394311671,5.857609757888788,-0.2459402726848204,-0.3170417263702309,-1.219070137258653,-1.060983454254595,0.9999999999605955,0.9999999979862813,0.08385,0.07008148940051433
-0.04999999999999982,1.0362178625707592,1.6201923218353391,5.082457077731294,5.59564689865433,0.02035662334840211,2.4560803786881396,0.06200052517391712,5.906613497931368,-0.2458365808368302,-0.31900548258817596,-1.1946732811418173,-1.059499024551385,0.9999999999605955,0.9999999979862813,0.08385,0.07008148940051433
0.2333333333333334,1.0693081289848994,1.6344629641914152,5.131731707210721,5.614968128944425,0.02050962603404582,2.4794855523531907,0.06173762329949191,5.964943554011665,-0.24578373767467143,-0.32095218392977953,-1.1708956621500084,-1.0581343253457394,0.999999999950703,0.9999999974807369,0.0830660584445594,0.06929754784507373
0.5166666666666666,1.1026512564519022,1.6488398414745888,5.178448374490587,5.63322612317928,0.02074855053651031,2.502883562285912,0.061485372376394204,6.032107243560642,-0.24580985110952516,-0.3228886382043871,-1.147779151127856,-1.0569359183870364,0.9999999999352951,0.9999999966933326,0.08211414814041126,0.06834563754092558
0.7999999999999998,1.1360717381330403,1.6632910689108686,5.222641464704297,5.650465000193394,0.02106072756531635,2.5262157608536944,0.06124412318043138,6.107653481118572,-0.24590357116048936,-0.32481119217562215,-1.1252886168882188,-1.0559511376703763,0.9999999999150725,0.9999999956598753,0.08116228028471453,0.06739376968522885
1.083333333333333,1.1693722531608899,1.6777795940086864,5.2643661344978545,5.666738228225478,0.02143287453234296,2.5494284543981443,0.06102164472173832,6.191413375442096,-0.24603379215486182,-0.32671100938509107,-1.103363148204347,-1.0552230316032847,0.9999999998885315,0.9999999943035309,0.0802104781544074,0.06644196755492172
1.3666666666666663,1.2023373872838483,1.6922642130662928,5.303680657775593,5.682101642421089,0.02185462169165779,2.5724740402357056,0.06083048174348959,6.283388996436671,-0.24615869056140247,-0.32857648709658926,-1.08194959774105,-1.0547759580854876,0.9999999998536999,0.9999999925235015,0.07925876502482082,0.06549025442533514
1.6499999999999995,1.234731406179789,1.706698957522707,5.340634479425962,5.696610068819879,0.02231853451700304,2.5953109255925395,0.06068173326158975,6.383442307226012,-0.24622913944340974,-0.33039416306231956,-1.0610141769755979,-1.0546010247869018,0.9999999998079903,0.9999999901875644,0.07830716416910928,0.06453865356962361
1.9333333333333336,1.2663019819720402,1.7210340353873232,5.3752650096450845,5.710316880247696,0.02281886022300694,2.617902934330631,0.06057860002047936,6.490963734181684,-0.24619174395334817,-0.33214951787770997,-1.0405398776132224,-1.0546481556359564,0.9999999997480091,0.999999987122292,0.07735569885768177,0.0635871882581961
2.216666666666667,1.2967968870808655,1.735220204218717,5.407604129640802,5.723275714964705,0.02335002980993966,2.640218544789529,0.06051375040145292,6.604642756214972,-0.2459936501877803,-0.33382825002770916,-1.020519129576519,-1.0548267423195496,0.9999999996693056,0.9999999831002369,0.07640439235763268,0.06263588175814701
2.5,1.3259877843223287,1.7492149989383954,5.43768972083574,5.735542806990344,0.023905142065716947,2.66223005773777,0.060472642988784096,6.722396040091122,-0.24558932174903544,-0.3354180759922346,-1.0009480619337499,-1.0550138375344218,0.9999999995660434,0.9999999778231392,0.07545326793217282,0.06168475733268715
2.783333333333333,1.3536977706724007,1.762989916885381,5.4655783658884385,5.747178710801119,0.024473431629965743,2.6839124251145043,0.0604395437284114,6.841462539239866,-0.24495144215043854,-0.33691163439049904,-0.9818256653591685,-1.0550679309794413,0.99999999943057,0.9999999708999294,0.07450234884006054,0.060733838240574864
3.0666666666666664,1.379865224264285,1.7765472863434038,5.4913711808912264,5.7582514622430825,0.025034685846004878,2.7052411571415154,0.06039947893962033,6.95864554601177,-0.24409254589193227,-0.338312264842277,-0.9631601417415144,-1.054846427217266,0.9999999992528532,0.9999999618179143,0.07355165833503302,0.059783147735547354
3.3499999999999996,1.40465932179838,1.7899509393193966,5.515257866313331,5.76884213951852,0.025557332235374784,2.726191309695112,0.06033693090119676,7.070657710309599,-0.24308291356857178,-0.3396387840934185,-0.9449759725845327,-1.0542234789400373,0.9999999990197423,0.9999999499050432,0.07260121966523755,0.05883270906575189
3.633333333333333,1.4284649920036094,1.8033218336087722,5.537499896828431,5.779037915837147,0.026029126705452578,2.746746117509846,0.06024694041822242,7.174503430267183,-0.24199299991089546,-0.3409100288655279,-0.9272927968576328,-1.0531005566620737,0.9999999987140014,0.9999999342805033,0.07165105607266306,0.057882545473177394
3.916666666666666,1.451728759628862,1.816796336524758,5.558358688070886,5.788915985823561,0.026497881215245486,2.7669086052615843,0.0601488792192524,7.267817973146435,-0.24082115477257862,-0.34212545581509396,-0.9101073743155208,-1.0514142827324255,0.9999999983130441,0.9999999137900417,0.07070119079257176,0.05693268019308609
4.199999999999999,1.4751075152465811,1.8305656848979956,5.578181592566507,5.798563830928697,0.02702350890037894,2.7866869795621403,0.06005057080699354,7.3490952264024605,-0.23961869751963888,-0.34329865270340154,-0.8934800449133236,-1.0491614335929311,0.9999999977872771,0.9999998869213177,0.0697516470529309,0.05598313645344523
4.4833333333333325,1.4994306880872559,1.844865386892561,5.597423600622087,5.808090842513878,0.02761538712443615,2.806075689260126,0.059900173751375005,7.417779506842226,-0.2385472941646901,-0.3444727014708656,-0.8775835842617183,-1.0464096220054981,0.9999999970979321,0.999999851693133,0.06880244807384484,0.05503393747435917
4.766666666666666,1.5251593735025126,1.8598297341849492,5.61638622453561,5.817573402536754,0.028247975574117148,2.825059641007764,0.05964076252033167,7.474168909809998,-0.2377058857832946,-0.34567376041442877,-0.8624775691954358,-1.0432226045886046,0.9999999961942309,0.9999998055105188,0.06785361706698716,0.05408510646750149
5.049999999999999,1.5521429087169931,1.8754260470167907,5.6350288429292075,5.82700386852232,0.02888897624316036,2.8436221319456774,0.059342540251950376,7.519128476924626,-0.2370422749299506,-0.34688734653975306,-0.8477987070732129,-1.0395466987099038,0.9999999950096756,0.9999997449751914,0.06690517723503307,0.053136666635547405
5.333333333333332,1.5798758560972723,1.8915230773947604,5.653148865373894,5.836339658063881,0.029508722074602728,2.86174723527895,0.05915066834285207,7.553881757093856,-0.23641936075756967,-0.34807608364541576,-0.8330553990178594,-1.035297882928578,0.9999999934571993,0.9999996656376893,0.06595715177109199,0.05218864117160632
5.616666666666667,1.607832762339163,1.9079802763844977,5.670645801865085,5.845577169923489,0.030082777626735238,2.879420179975377,0.059119603779629215,7.57992153224261,-0.2357025472321285,-0.34920313244730483,-0.8181621375165842,-1.0305341858784511,0.9999999914228239,0.9999995616733242,0.06500956385814041,0.051241053258654745
5.9,1.6356207759707029,1.9246882563328036,5.687535652629575,5.854744942343951,0.03059323027833161,2.896627341465888,0.05922050887592357,7.598806137511996,-0.23479930009362865,-0.35024279846777834,-0.8033411245134001,-1.0254128075481241,0.9999999887573735,0.9999994254586331,0.06406243666845499,0.050293926068969305
6.183333333333334,1.6629717194292657,1.9415662535162832,5.703842954537934,5.863863410065722,0.031029019541226225,2.9133559421786615,0.059422642876701376,7.6119095943889485,-0.23365836030124376,-0.3511803316458717,-0.788791364817782,-1.0200702257002394,0.9999999852656426,0.9999992470179141,0.06311579336304582,0.04934728276356014
6.466666666666667,1.6896764697021303,1.9585441820744358,5.719535438458942,5.872925480504151,0.03138572982274491,2.929593583145835,0.05972448196667091,7.620286279132041,-0.232254126715513,-0.3520077586743706,-0.7745693809473667,-1.0145791311468197,0.9999999806922484,0.9999990133001867,0.062169657091090146,0.04840114649160447
6.75,1.7155275429028285,1.9755469608391798,5.7345206816621825,5.881899761152727,0.03166540689354709,2.945327767028662,0.06015129229521339,7.624672529274903,-0.23057193331650028,-0.3527199648643004,-0.7606159075631651,-1.0089591363633295,0.9999999747031516,0.9999987072348654,0.061224050989366244,0.04745554038988058
7.033333333333333,1.7402904627023517,1.9924866440092652,5.748671234825871,5.8907420876562195,0.0318765959447268,2.9605454646786833,0.06074740040290543,7.625564583195768,-0.22859915643981052,-0.35331234928870475,-0.7468116198715596,-1.0031994119865344,0.9999999668615283,0.999998306498758,0.060278998181687624,0.046510487582201956
7.316666666666666,1.7637018134225964,2.009261803704755,5.761850377399686,5.8994050883167874,0.03203447463374036,2.9752326800329665,0.061569939025971986,7.6233086222838375,-0.22632208938988793,-0.3537800365433974,-0.7330215744328716,-0.997277602880128,0.9999999565962742,0.9999977819065888,0.05933452177833754,0.04556601117885187
7.6,1.7854847579768562,2.0257616996712287,5.773929478731466,5.90784322503054,0.032160854406910196,2.9893739368498995,0.06268244460527979,7.61817056650684,-0.22372735490302081,-0.3541183150865702,-0.7191261142508483,-0.9911732403608291,0.9999999431609046,0.9999970953106986,0.058390644875503925,0.04462213427601826
7.883333333333333,1.8053722898727493,2.0418726296767145,5.784799262831644,5.916015026852931,0.03228388966537957,3.0029516283519104,0.06414592693212207,7.61038214889516,-0.2208066012720874,-0.354323964878334,-0.7050466031302802,-0.9848783964909689,0.9999999255799343,0.9999961968610409,0.057447390554714504,0.04367887995522883
8.166666666666666,1.823131328160632,2.05748460992049,5.794378917187486,5.923884575156219,0.03243744240343681,3.01594520037848,0.06600732795316855,7.600170891944902,-0.2175629441445881,-0.3543970602704018,-0.6907681838937119,-0.9784066823133815,0.9999999025789463,0.9999950214317199,0.05650478188227241,0.042736271282786745
8.45,1.838585739313207,2.0724978626116153,5.802625193736167,5.931423197531784,0.03266008338986036,3.028330145733972,0.06828878217165198,7.587780022243899,-0.2140168608263951,-0.3543426309593945,-0.676346434878963,-0.9717965296345664,0.9999998724934136,0.999993483961984,0.05556284190869216,0.041794331309206484
8.733333333333333,1.8516409605939719,2.0868298126765454,5.809542062100541,5.938611350857743,0.032993634023977814,3.0400767614769992,0.07098316420660604,7.57347836517523,-0.2102086932395188,-0.35417141560489074,-0.6618824399619804,-0.9651036608868199,0.999999833149859,0.9999914733838482,0.05462159366813587,0.040853083068650195
9.016666666666666,1.8623127988699004,2.1004232633251103,5.815189543807254,5.945439939281631,0.03348101717882064,3.0511485772094895,0.07405958089526218,7.557554969378634,-0.20619583600334299,-0.35389918908208995,-0.6474812559053805,-0.9583875729154807,0.9999997817110042,0.9999888447101792,0.05368106017785013,0.03991254957836446
9.299999999999999,1.8707545432979578,2.1132541547184323,5.819688185237421,5.951910144390327,0.034163079489316114,3.061500327331899,0.07747706617781955,7.540296877494742,-0.20204590846552517,-0.35354500819783463,-0.6332324919403272,-0.9517048000748323,0.999999714474068,0.9999854087294638,0.05274126443760297,0.0389727538381173
9.583333333333332,1.8772643327076781,2.125334037829361,5.823214714655656,5.958031469274351,0.03507412474610169,3.0710753591266675,0.08119946239632846,7.52196186416814,-0.197830735809381,-0.35312966645455923,-0.619219597444057,-0.945111367059962,0.9999996266081204,0.9999809185879918,0.05180222942912157,0.038033718829635896
9.866666666666667,1.882255930941734,2.1367027210436413,5.82598561902217,5.96381808374677,0.03623623901396762,3.0798024654560336,0.08520429943454547,7.502760431341944,-0.19362493594613583,-0.352675373549523,-0.6055336746744673,-0.9386667872885491,0.9999995118121976,0.9999750523256508,0.05086397811553017,0.037095467516044506
10.149999999999999,1.8861999800571587,2.147412962004965,5.828231646320607,5.969284050393339,0.03765314332739914,3.0875923210134784,0.08948365735376689,7.482848226815676,-0.18950625684550934,-0.3522058931654549,-0.5922815037255248,-0.9324365060179647,0.9999993618704248,0.9999673901536306,0.0499265334407886,0.03615802284130293
10.433333333333334,1.8895648600010635,2.1575149962768663,5.830173638425096,5.974439048638777,0.0393058614941779,3.0943341570284146,0.09404012745544113,7.462322541983005,-0.18554972364933892,-0.3517450109000416,-0.5795869757567051,-0.9264927887138935,0.9999991660733236,0.999957384902554,0.04898991832913112,0.03522140772964545
10.716666666666665,1.8927736814818574,2.1670453224791117,5.832005521848302,5.979285482766857,0.04115404596966537,3.0998937676352836,0.09888260723470359,7.441219273258754,-0.18181355291683127,-0.35131278730230936,-0.5675818603977978,-0.9209126228259195,0.9999989104653251,0.9999443236041459,0.04805415568450597,0.0342856450850203
11.0,1.8961634767578848,2.1760160038026806,5.833877988226156,5.983815643935518,0.04314474567141137,3.104113332453428,0.10402488868077332,7.419509758073552,-0.17832838783345903,-0.35092269801151743,-0.556389476632536,-0.9157730645103829,0.9999985768666526,0.9999272775679939,0.04711926839001511,0.03335075779052944
11.283333333333331,1.8999395079079175,2.1844025898857895,5.83587973976227,5.988008312230759,0.045225108188964164,3.106811978576816,0.10948679654196102,7.397097178520342,-0.17510055723000817,-0.350582536277963,-0.5461117853162853,-0.911146918540163,0.9999981416023986,0.99990503753821,0.046185279307354804,0.03241676870786914
11.566666666666666,1.9041495584294112,2.1921373320793096,5.838027298420204,5.991826970183164,0.04735297585704369,3.1077852648365076,0.11529591127958277,7.373811941392179,-0.17212325731437755,-0.3502974487095869,-0.5368248498090835,-0.9071008261152779,0.9999975738517681,0.9998760295129907,0.04525221127625639,0.031483700676770726
11.849999999999998,1.9086946941000882,2.1991121197440293,5.840270689851331,5.995221075078545,0.049502012247688465,3.106802579537123,0.12148848823279998,7.349405594068666,-0.1693849560142768,-0.35007224171341134,-0.5285815032409379,-0.90369606477552,0.999996833504807,0.9998382055197936,0.044320087113927945,0.030551576514442277
12.133333333333333,1.9133617661704898,2.205187194947199,5.842508518104356,5.998129116749985,0.05166202567882934,3.1036026625521913,0.12810926201148812,7.323542979211309,-0.16687338527339582,-0.34991252475473095,-0.521418759532171,-0.9009913470554991,0.9999958683807778,0.9997889019798187,0.04338892961449614,0.029620419015010474
12.416666666666668,1.9178578212018214,2.2102003280827622,5.8446036376185315,6.000481719698296,0.05383683415208617,3.0978880024826063,0.1352099888848493,7.295792204677681,-0.1645781005464978,-0.3498254900485621,-0.5153664786954013,-0.8990462447254646,0.9999946106195152,0.9997246561667626,0.04245876154844895,0.028690250948963283
12.7,1.9218391194507152,2.213974491003216,5.846396131616735,6.0022041216731346,0.05604148513050259,3.0893187680043304,0.1428463223624049,7.265611993561917,-0.16249308058427245,-0.34982071902147927,-0.5104534768376346,-0.8979238315234885,0.9999929720018141,0.9996409685404949,0.04152960566207878,0.02776109506259311
12.983333333333334,1.9249350217958259,2.2163240828561954,5.847713683887743,6.003218029063688,0.058299674585156766,3.0775067408180967,0.15107305644852148,7.232336556043469,-0.16061918289662286,-0.3499109537055012,-0.5067096069181456,-0.8976920280378483,0.9999908378835783,0.9995319952611794,0.0406014846769262,0.026832974077440536
13.266666666666666,1.926767208545995,2.21705981221794,5.848379613181966,6.00344289856281,0.06064170747243924,3.062009702088977,0.15993914044966712,7.195159260154664,-0.15896608275417226,-0.3501127106008401,-0.5041659864647173,-0.8984243863672177,0.9999880593364818,0.9993901507751678,0.03967442128922444,0.02590591068973877
13.55,1.9269635090906871,2.2159920193568112,5.8482183762216025,6.002796611909801,0.06310320506341943,3.0423268642705654,0.16948523552240227,7.153117476804847,-0.15755371121085965,-0.3504467051452721,-0.5028575786162116,-0.900201709252464,0.9999844429693743,0.9992055947875296,0.038748438169344146,0.02497992756985848
13.833333333333332,1.9251660947020617,2.2129323533679064,5.847058515132049,6.001195536192629,0.06572468361583686,3.0178961522983947,0.17974662594156993,7.105081377295651,-0.15641346875669893,-0.35093810830882055,-0.502831004558049,-0.9031153929792506,0.9999797377520157,0.9989655709419812,0.03782355796123929,0.024055047361753623
14.116666666666667,1.9210354974077268,2.207694190043125,5.844733668858488,5.998554070456295,0.0685519914715926,2.988094393028527,0.19076251619915308,7.049749112458433,-0.1555894520592343,-0.3516166263107553,-0.5041567184677459,-0.9072720457448573,0.9999736179662713,0.9986535558410501,0.03689980328189314,0.023131292682407475
14.399999999999999,1.914253514015294,2.2000926274427877,5.841082886978031,5.994783890849272,0.07163742065323249,2.9522417706353714,0.20259007939070264,6.985650380326849,-0.15513963679842593,-0.3525162926345101,-0.5069413857109588,-0.9127977558507431,0.999965661157239,0.9982481663886359,0.03597719672076545,0.022208686121279783
14.683333333333334,1.9045287822517614,2.189945127103133,5.835951811067913,5.989793181137571,0.07504109703823977,2.909612222834068,0.2153197480171928,6.911160680001046,-0.15513651719476917,-0.3536747190137711,-0.5113357602609144,-0.9198401542161028,0.9999553196321014,0.9977217606189017,0.035055760839239836,0.02128725023975417
14.966666666666665,1.8916086810509094,2.17707388280481,5.829196296738871,5.9834861619074715,0.07883189622549745,2.859451704567115,0.22908813309024054,6.8245297064598835,-0.15566628552332645,-0.35513141935458054,-0.5175354519512144,-0.9285670861850623,0.9999418836376308,0.997038652155684,0.03413551817007228,0.020367007570586612
15.25,1.875300388700637,2.1613108449654246,5.820689741256712,5.97576319466152,0.08308648949562308,2.8010062937372564,0.2440862005280596,6.723928780803569,-0.1568254941057264,-0.3569247725677392,-0.5257748235311163,-0.9391616159864858,0.9999244338125663,0.9961528415513422,0.03321649121683985,0.019447980617354185
15.533333333333331,1.8555019579723988,2.1425058798017105,5.810334508259584,5.966521576121578,0.08788421312762369,2.7335618080138326,0.2605617213262296,6.607523076496502,-0.158714500608116,-0.35908729885935337,-0.5363160911258303,-0.951813626433914,0.9999017798260142,0.9950051499914623,0.03229870245339067,0.018530191853905004
15.816666666666666,1.8322395368941302,2.1205373663335516,5.79807571601159,5.955656715193096,0.0932948107675085,2.6564958819444042,0.2788157460475732,6.4735740097196315,-0.16142782806283137,-0.3616391993376527,-0.5494359582950333,-0.9667082900660706,0.999872381236418,0.9935196244432465,0.031382174323294154,0.017613663723808487
16.099999999999998,1.8056974491411546,2.0953221059027207,5.783911470666379,5.943062537051595,0.09935730352840279,2.569342517838281,0.2991933574092268,6.3205751263808985,-0.1650425445697324,-0.3645804839731628,-0.5654112527272742,-0.9840114032111543,0.9998342454857152,0.9915990725487103,0.03046692923929227,0.016698418639806603
16.383333333333333,1.7762138644504726,2.0668177531738796,5.767887460258139,5.928628685956197,0.10605440886043487,2.4718686284975715,0.32207098407802515,6.147421024040869,-0.16960667081756997,-0.3678824516045345,-0.5845039358251944,-1.0038513590629172,0.999784796515093,0.9891195880432851,0.02955298958275142,0.01578447898326575
16.666666666666664,1.7442010744118068,2.035007344842056,5.750057822166416,5.912230791052894,0.11330167794978674,2.3641629632788126,0.3478483037011888,5.953603380623096,-0.17513065115038018,-0.3714798501846726,-0.606945324817068,-1.0262976942504185,0.9997207056715083,0.9859239560582536,0.02864037770311513,0.014871867103629463
16.95,1.7099474746535024,1.999854954879767,5.730393452646832,5.8937096713664445,0.1209903971616205,2.246739195092699,0.37696109148608914,5.7394208168184395,-0.18158521677475178,-0.3752654889195778,-0.6329192869459254,-1.051336695533109,0.9996376742682289,0.9818139029169486,0.027729115917357508,0.013960605317871841
17.233333333333334,1.6732879460455732,1.9612292752163603,5.7086321584286495,5.872837534687333,0.12912005259944873,2.1206491888805727,0.4099298357407548,5.5061782620401765,-0.18890416496215998,-0.37908816403885087,-0.6625425307950332,-1.0788450271099677,0.9995301542467594,0.9765413082278444,0.02681922650943755,0.013050715909951882
17.516666666666666,1.6332128539233626,1.9188139670374655,5.684102192378997,5.849275837051405,0.1379815385142542,1.9875766942000068,0.4474259664775432,5.256334186300769,-0.1969773931448964,-0.3827514944010123,-0.695835293842616,-1.1085622156589663,0.9993909897163711,0.9697987727203772,0.025910731729754208,0.01214222113026854
17.8,1.5876240729376179,1.8720601059044626,5.655612129174058,5.822540481432163,0.14824323528299838,1.8498488286131636,0.49028910437726236,4.993537917203437,-0.20561366457432873,-0.3860096787035083,-0.7326745173409664,-1.1400631532199315,0.9992109575514156,0.9612103910046544,0.02500365379460215,0.011235143195116482
18.083333333333332,1.533601536155557,1.8202768358113341,5.621569066754311,5.792002064742375,0.16084019440674385,1.7103214764475734,0.5394494930860377,4.722507978442627,-0.21448687810513192,-0.38856490944388067,-0.7727384918484691,-1.172735057574833,0.9989781795147603,0.9503242775322456,0.024098014885628682,0.010329504286143015
18.366666666666667,1.468630562850478,1.7629786891758963,5.5805260790544615,5.756954457237276,0.17674075601869985,1.5721569645625708,0.5957870504071391,4.448736539703798,-0.22313594290522143,-0.3900852613791447,-0.8154789487908519,-1.2057677474647392,0.9986773713461672,0.9366093819073547,0.023193837149291185,0.009425326549805518
18.65,1.3929065164651708,1.7005177174427732,5.532213050254595,5.716753615499289,0.1965628223307733,1.438497980680301,0.6599169471597631,4.178024789491949,-0.23108496399293602,-0.3902594981351797,-0.8601573341407671,-1.2381645091250262,0.9982888857169061,0.9194603818313452,0.02229114269631556,0.008522632096829894
18.933333333333334,1.3115383039264845,1.6346809070918746,5.478533327493052,5.670913808489766,0.2198739093362806,1.312017663785147,0.7318391449771806,3.915877378701714,-0.23806555496367765,-0.3888809201372459,-0.9059460735504647,-1.268771355625112,0.9977874957718322,0.8982157705506377,0.0213899536011556,0.007621443001669934
19.216666666666665,1.2341004448845514,1.568565831182109,5.423401729108806,5.61892922629762,0.24456831272492935,1.1945029214688527,0.810646546296428,3.666871380263837,-0.2441824047867049,-0.38591352242691,-0.9520325663604788,-1.2963073242711771,0.9971408541588767,0.8721951767331861,0.020490291901453142,0.006721781301967475
19.5,1.1702012417602063,1.5053751890702418,5.370833733926546,5.559701932308215,0.2674182304773351,1.086837182079278,0.8947938079840984,3.4341971019429014,-0.2497729788412553,-0.3814693257449301,-0.9976176217452957,-1.319368066850827,0.9963075492590678,0.840761563936154,0.019592179597499093,0.005823668998013426
19.78333333333333,1.1239201218604018,1.4468951660879381,5.322539331975881,5.490844640629858,0.28605543216962215,0.9894888362184778,0.9830169034519034,3.21947181637794,-0.2549675143061537,-0.3756951337322428,-1.0418001480054335,-1.3363992095200705,0.9952346665589291,0.8034109547333435,0.01869563865169556,0.004927128052209892
20.066666666666666,1.0923874428759888,1.3930740543186402,5.27734127184458,5.4083886427306425,0.3004537652653287,0.9029445726138446,1.0749621913678742,3.0226903601846105,-0.2594370362057305,-0.36869801043681116,-1.083540334989133,-1.3456910514114742,0.9938547504111375,0.7598854395059982,0.01780069098801869,0.0040321803885330215
20.349999999999998,1.0695853695231985,1.3429954064355465,5.232884478404112,5.307143242452682,0.3122320485690596,0.827578709957379,1.1707101205517398,2.842209759850089,-0.2626824848818774,-0.3606050638614509,-1.1218390949749408,-1.3454619176793003,0.9920820529307122,0.710294273731121,0.01690735849148263,0.0031388478919969626
20.633333333333333,1.0506789877954734,1.2959946067720995,5.1875513168546314,5.181531062203716,0.32303913091096764,0.7633043331408358,1.2698567165449877,2.674998677960188,-0.26448784894589644,-0.35165951768011466,-1.1559749323289203,-1.3340638076845122,0.9898079579360937,0.6552152605829161,0.016015663007604153,0.0022471524081184857
20.916666666666664,1.0333775181707565,1.2519868236173122,5.141019331703285,5.026813748955679,0.3337956184845321,0.7094986026631607,1.371172415994385,2.5174154326289253,-0.26503993691037925,-0.3422241652519741,-1.1855980501724181,-1.3103291126529966,0.9868954877330542,0.5957403034534823,0.015125626341868773,0.0013571157423831054
21.2,1.0171621215388382,1.211235289065212,5.093824950511727,4.840751208498537,0.3448086389357014,0.6651791448682264,1.4728976800807638,2.366402033665957,-0.2647412889792504,-0.33270398787421623,-1.210684175415236,-1.2740382269322659,0.9831728535084936,0.5334328723090747,0.014237270259197216,0.0004687596597115484
21.483333333333334,1.0022353900643042,1.1740593082092534,5.046769161105126,4.625307014320734,0.3560912543386299,0.6292159055205524,1.5731736946610406,2.22060895766892,-0.2639960051815881,-0.3234667880838869,-1.2314371919767766,-1.2263540472589487,0.9784261177926161,0.47018583099763606,0.013350616483413333,-0.0004178941160723343
21.766666666666666,0.9889171228825802,1.140675561455719,5.000513723661882,4.3874495184464575,0.3675684804622898,0.6004771871183664,1.6702934474666873,2.080877606051536,-0.26310914837559884,-0.3148018351048896,-1.2481894199238939,-1.1699450687890451,0.9723912306143461,0.4080009805610706,0.012465686696712816,-0.001302823902772851
22.05,0.9774266876605522,1.1111538719554788,4.95536592057874,4.138216957508772,0.3791599135291325,0.577907912136523,1.7627771223123592,1.949789948290531,-0.2622793185547741,-0.306911575146679,-1.2613123354568512,-1.1085939791517705,0.9647460198452578,0.3487419436121041,0.011582502539132997,-0.0021860080603526705
22.333333333333332,0.9678499062484359,1.0854293566104392,4.911176240271428,3.8901966821956955,0.39080031008583804,0.5605638762495881,1.8493701643596845,1.8305202598790449,-0.26162562202911116,-0.29991968498313837,-1.2711417552457338,-1.0463854298816386,0.9551032066943786,0.2939228605405,0.0107010856080237,-0.0030674249914619672
22.616666666666667,0.9601651282742565,1.0633333939348564,4.867295894955169,3.6545972036099497,0.4024398040647637,0.5476214435232352,1.9290131299040816,1.7256101425833121,-0.2612150010288878,-0.2938844673772426,-1.2779195416063769,-0.9868407127280368,0.9430062179920408,0.24458036269868183,0.009821457457519014,-0.003947053141966653
22.9,0.9542778133500349,1.0446265416203226,4.82256443437633,3.4392092353251513,0.4140406442555735,0.5383743081814142,2.0007880818036297,1.6362182707175472,-0.261080900222457,-0.288813006811868,-1.2817513589807321,-0.9323628929531624,0.927930479462808,0.20124445705601257,0.008943639598010297,-0.00482487100147537
23.183333333333334,0.950049219750513,1.029027296218899,4.775308723413316,3.247786917497572,0.42557476646985565,0.532223826953443,2.063839973034941,1.5619951958205716,-0.2612346434554059,-0.2846744990354813,-1.2825777719758196,-0.8841130428713013,0.9092939083455469,0.16399257867768124,0.00806765349562008,-0.005700857103865586
23.466666666666665,0.9473174297568436,1.0162350223503618,4.723341643423158,3.080551347015989,0.43702234927300826,0.5286666247275119,2.117279751002412,1.5013868965132335,-0.2616725419294429,-0.2814120933789406,-1.2801552192508505,-0.8422029220124052,0.8864812136440847,0.13255337599760558,0.007193520571677256,-0.006574990027808411
23.75,0.9459120517976735,1.0059470680825766,4.6639584174831406,2.9351959569439674,0.4483707814827323,0.527281612391948,2.1600825661743697,1.4520805678468605,-0.2623807767114556,-0.27895288033952936,-1.2740446526158988,-0.8060130097227531,0.8588868227746512,0.10642542818813838,0.006321262202193062,-0.007447248397292605
24.03333333333333,0.945664180674061,0.9978707315046025,4.5939427831979005,2.807900267024049,0.4596136731080846,0.527717610817228,2.1909983617348603,1.4113983122999767,-0.2633390489741854,-0.27721586555407035,-1.2636090645263773,-0.7744950136660654,0.8259799416750511,0.0849854227346935,0.005450899717338573,-0.008317610882147095
24.316666666666666,0.946412864219186,0.9917309781118815,4.509614739567041,2.694125882830529,0.4707498017666358,0.52968217822421,2.2084974054277007,1.376571189727883,-0.26452339843606504,-0.2761179725213257,-1.2480266596823908,-0.7464004059588322,0.7873914244733993,0.06757267765667696,0.004582454400922878,-0.00918605619856279
24.599999999999998,0.9480090064508023,0.9872748450802464,4.406974362372435,2.5891743206327273,0.4817820255425396,0.5329318667292445,2.210782480507138,1.3449102675316362,-0.2659083484127007,-0.27557827424629555,-1.226333370265296,-0.7204354389755552,0.7430151465138746,0.05354703301330793,0.0037159474898727646,-0.010052563109612903
24.883333333333333,0.9503174115480558,0.984273396628231,4.282014229420456,2.4885860963540396,0.4927162335365866,0.5372639161027439,2.195909674268397,1.313926178138156,-0.26746846882977926,-0.2755207447385942,-1.1975143749077326,-0.6953695779627576,0.6931071123373975,0.04232322209427147,0.0028514001737133116,-0.010917110425772356
25.166666666666664,0.9532175125080244,0.9825219672972869,4.131267312601639,2.3884798510452745,0.5035603964937082,0.5425092777261769,2.1620602731731786,1.2814506504030936,-0.2691794440138365,-0.2758758489425709,-1.1606637148606043,-0.6701278877307262,0.6383565427011282,0.033387309954687305,0.0019888335940497215,-0.011779677005435946
25.45,0.9566032051743129,0.9818392834867145,3.9525989459343607,2.2858967158381533,0.5143237554103133,0.5485268115607531,2.107979018496745,1.2457936722058813,-0.27101873824633066,-0.27658127237829355,-1.1152155378826474,-0.643887197684377,0.5798999099021531,0.02630093892939578,0.0011282688440504146,-0.012640241755435253
25.733333333333334,0.9603821082224987,0.9820659116894382,3.746121828032332,2.1791449359735315,0.5250161621702625,0.5551984868284202,2.0335237725101702,1.2059319382934692,-0.27296595187871847,-0.2775820495542577,-1.061214059034411,-0.616175262143205,0.5192566824999557,0.02069815551805909,0.0002697269679310804,-0.013498783631554587
26.016666666666666,0.964474487117267,0.9830623577265127,3.514944807089805,2.068056192566048,0.5356475686684061,0.5624254252583754,1.9401707665432986,1.1616762692351923,-0.27500295249234696,-0.2788302988820582,-0.9995406871939501,-0.5869477201839207,0.4581856736621923,0.0162783169677444,-0.0005867710395598552,-0.014355281639045522
26.299999999999997,0.9688120129416442,0.9847070401236753,3.2653721584404147,1.9540157638239712,0.5462276501163879,0.5701246431569423,1.8312484342874398,1.1137322598557498,-0.277113852220328,-0.28028472154035633,-0.9319877883714646,-0.556602688027672,0.39848715203019014,0.01279740571163368,-0.0014412042336545972,-0.015209714833140278
26.583333333333336,0.973336473952098,0.9868942827925882,3.006286720814786,1.8396678640273851,0.5567655429687273,0.57822636887914,1.7117152257380785,1.0635824609743594,-0.27928488736896784,-0.2819099778276559,-0.8610990972216641,-0.5259029629089514,0.34179607972026393,0.010059168552462416,-0.0022935517200782796,-0.01606206231956396
26.866666666666667,0.9779985171244541,0.9895324148141229,2.747790088130476,1.7283290219434444,0.5672696764706209,0.586671832176511,1.5874767887899162,1.0131888271313256,-0.2815042422835972,-0.28367601897776296,-0.7897924758465198,-0.4958129207612093,0.2894150940240857,0.007906856961149178,-0.0031437926555598072,-0.016912303255045488
27.15,0.9827564669259803,0.992542024706218,2.4995389519293854,1.6232862909303292,0.5777476777468757,0.5954114398261627,1.4644579558317758,0.9646014164085452,-0.28376184725070747,-0.28555742516057225,-0.7208868787603392,-0.4672990385678748,0.24222037803356866,0.00621592866726145,-0.0039919062483416146,-0.017760416847827296
27.43333333333333,0.9875752470865246,0.9958543893120237,2.269344488594396,1.5272069678541182,0.5882063325348627,0.604403267378282,1.3477503621118745,0.9196011627278722,-0.28604917052521717,-0.2875327804355192,-0.6566958172925057,-0.44115885197572524,0.20064803151180122,0.004887819187799791,-0.00483787175868805,-0.01860638235817373
27.71666666666667,0.992425416361989,0.9994100799760526,2.062414574514861,1.4418110984058001,0.5986515863795022,0.6136118097851547,1.241081320042064,0.8794743704620792,-0.28835901722860313,-0.28958410139511287,-0.5987996347779312,-0.4179230470783344,0.16474560361123108,0.003844751950766667,-0.005681668499392709,-0.019450179098878376
28.0,0.9972823195372904,1.0031577381913022,1.8812869440375863,1.3678251889881445,0.6090885738991401,0.6230069443256236,1.1466713417481844,0.8449453106512196,-0.29068534255130496,-0.2916963267644995,-0.5480150170671028,-0.39783780108823963,0.1342615480089761,0.003025486602811267,-0.0065232758362839816,-0.020291786435769663
