airfoil_name,rank,n_props,prop_diameter_in,prop_pitch_in,prop_family,blade_count_metadata,speed_mps,flap_deflection_deg,is_feasible,rpm,veff_mps,induced_velocity_mps,re_inf,re_blown,cl_required,clmax,equivalent_vstall_mps,lift_margin,alpha_at_clmax_deg,alpha_required_deg,alpha_poststall_90pct_deg,poststall_drop_5deg,cd_at_required_alpha,cm_at_required_alpha,drag_required_n,thrust_available_n,thrust_minus_drag_n,power_electric_total_w,power_shaft_total_w,torque_per_prop_nm,tip_mach,flap_span_fraction,flap_chord_fraction,aileron_span_fraction,aileron_chord_fraction,prop_drop_fraction_of_chord,prop_drop_m
DAE51,6,10,5.5,2.2,balanced,3,5.0,0.0,1,7961.5478515625,12.95645660552223,3.9782283027611154,118000.0,307000.0,4.574530612244898,4.574601862590737,4.999961061844606,1.5575444100912605e-05,12.983333333333334,12.963969043409344,16.565955486865004,0.8245421508288664,0.16753005569240179,-0.17396950201372494,1.7957127844529317,5.943307265277075,4.147594480824143,89.10841881901774,56.95806154969277,0.0068317044978535935,0.1704092812114374,0.65,0.34,0.28,0.28,0.12,0.041999999999999996
DAE51,6,10,5.5,2.2,balanced,3,5.0,20.0,0,9446.6552734375,14.990615217790454,4.995307608895227,118000.0,355000.0,4.574530612244898,5.285923395064007,4.651390922273691,0.15551164548224583,13.266666666666666,2.9842849246202525,18.94281086300743,0.4051500772557395,0.8744724251898737,-0.3568734055818751,9.373251307503958,9.370726275528048,-0.0025250319759102524,153.42903171487606,103.26890283471076,0.010439095665977529,0.20198214375531076,0.65,0.34,0.28,0.28,0.12,0.041999999999999996
DAE51,6,10,5.5,2.2,balanced,3,5.0,40.0,0,14000.0,21.418389036180283,8.209194518090142,118000.0,507000.0,4.574530612244898,5.87022547863223,4.413832843024416,0.2832410527364435,12.983333333333334,-1.7582243858776765,20.849053119043074,0.1655963614618301,7.619024764376012,-0.9341142155797247,81.66642169315537,25.307536441393953,-56.35888525176142,558.8454787767071,395.1687447192291,0.026954168176064837,0.29891381833185465,0.65,0.34,0.28,0.28,0.12,0.041999999999999996
DAE51,6,10,5.5,2.2,balanced,3,5.5,0.0,0,6943.7255859375,11.890180500106332,3.195090250053166,130000.0,282000.0,3.780603811772642,3.7803409250084394,5.500191233025793,-6.953565549083773e-05,12.983333333333334,,15.982152707055523,0.8633732850437612,,,,3.833672749996975,,57.43105229850311,34.15035765492224,0.004696497430841251,0.14894465234879012,0.65,0.34,0.28,0.28,0.12,0.041999999999999996
DAE51,6,10,5.5,2.2,balanced,3,5.5,20.0,0,8318.7255859375,13.773517122055253,4.1367585610276265,130000.0,326000.0,3.780603811772642,4.685699115405264,4.940331309127912,0.23940495981467103,13.55,1.1807788318702725,17.96886849164257,0.5847115404195495,0.4958127582802853,-0.26102322958498997,6.430536533408338,6.4264203122823025,-0.004116221126035491,100.4185250241348,65.10133801737705,0.007473163748695195,0.17812488226680562,0.65,0.34,0.28,0.28,0.12,0.041999999999999996
DAE51,6,10,5.5,2.2,balanced,3,5.5,40.0,0,14000.0,21.78352944277843,8.141764721389215,130000.0,516000.0,3.780603811772642,5.855786698077155,4.419271149611175,0.5489025006647035,12.983333333333334,-3.495215572444828,20.444083956740602,0.18707033927699612,7.333844226637936,-0.8747337657507736,95.11766779317321,24.893494950099097,-70.22417284307411,554.4259933933605,391.9867152432196,0.02673712429599154,0.2989884530436395,0.65,0.34,0.28,0.28,0.12,0.041999999999999996
DAE51,6,10,5.5,2.2,balanced,3,6.0,0.0,0,6299.1943359375,11.29284109705371,2.646420548526855,142000.0,268000.0,3.1767573696145126,3.1763187934765558,6.000414216293967,-0.0001380578013768785,13.266666666666666,,15.724718374821354,0.8297883892295261,,,,2.630065097789732,,42.02931687997145,23.06110815357944,0.0034959607468018233,0.13546813609683092,0.65,0.34,0.28,0.28,0.12,0.041999999999999996
DAE51,6,10,5.5,2.2,balanced,3,6.0,20.0,0,7668.8232421875,13.192606924395575,3.5963034621977874,142000.0,313000.0,3.1767573696145126,4.129894604057019,5.262278018881401,0.3000346339192299,13.55,-0.33700421812219217,17.559644224716344,0.6051607856749337,0.31471191977082097,-0.22472137787853408,4.857578481662621,4.856925480671773,-0.0006530009908480849,76.0849914252634,47.58119382618964,0.00592485857855674,0.16447498767794025,0.65,0.34,0.28,0.28,0.12,0.041999999999999996
DAE51,6,10,5.5,2.2,balanced,3,6.0,40.0,0,14000.0,22.141851461978245,8.070925730989122,142000.0,524000.0,3.1767573696145126,5.829216810455749,4.42933133818678,0.8349581451236556,12.983333333333334,-5.04571870127155,20.054052248872463,0.21610820860046687,7.000834322193203,-0.7984016000159854,108.05787776305208,24.462198154216537,-83.59567960883554,549.7599507610774,388.6271645479757,0.026507971824684735,0.2990701744524259,0.65,0.34,0.28,0.28,0.12,0.041999999999999996
DAE51,6,10,5.5,2.2,balanced,3,6.5,0.0,1,5821.1669921875,10.869698533939893,2.1848492669699464,154000.0,257000.0,2.7068228474821883,2.712542065499729,6.49314397120436,0.002112889664301676,13.266666666666666,12.781054029024434,15.599679881702768,0.7460999427573078,0.09861822369978297,-0.10159411466590676,1.7864383041266623,1.7926344514135066,0.006196147286844367,32.61829304992352,16.285170995944934,0.0026714905790332804,0.12557787903958118,0.65,0.34,0.28,0.28,0.12,0.041999999999999996
DAE51,6,10,5.5,2.2,balanced,3,6.5,20.0,0,14000.0,22.49343777985472,7.99671888992736,154000.0,533000.0,2.7068228474821883,5.572174595671003,4.53034123743114,1.0585664114864723,13.266666666666666,25.194152618170992,20.195001351630925,0.24241585307958857,1.452659894512229,-0.761418704164464,26.314480032871995,24.014438519213446,-2.300041513658549,544.8556867060975,385.0960944283902,0.026267120140140685,0.29915897675058395,0.65,0.34,0.28,0.28,0.12,0.041999999999999996
DAE51,6,10,5.5,2.2,balanced,3,6.5,40.0,0,14000.0,22.49343777985472,7.99671888992736,154000.0,533000.0,2.7068228474821883,5.788279961297739,4.444966674006063,1.1384036885464583,13.266666666666666,23.879191600761036,19.67741821213504,0.2885308829640296,1.3776706813531265,-0.7367254181290513,24.956073870623964,24.014438519213446,-0.9416353514105182,544.8556867060975,385.0960944283902,0.026267120140140685,0.29915897675058395,0.65,0.34,0.28,0.28,0.12,0.041999999999999996
DAE51,6,10,5.5,2.2,balanced,3,7.0,0.0,1,5590.2099609375,10.737872520701583,1.8689362603507913,166000.0,254000.0,2.3339441899208664,2.414054140523291,6.882873226413145,0.0343238501367682,13.266666666666666,11.067116372369883,15.583087012899263,0.6794757490466703,0.06230601146017623,-0.10637751298638454,1.3089714182639773,1.3117097847469708,0.002738366482993415,28.16519552376569,13.078940777111296,0.0022341680433781014,0.12094869422373365,0.65,0.34,0.28,0.28,0.12,0.041999999999999996
DAE51,6,10,5.5,2.2,balanced,3,7.0,20.0,0,14000.0,22.838331802584264,7.919165901292132,166000.0,541000.0,2.3339441899208664,5.486192632215051,4.5657039464662645,1.3506100342532457,13.266666666666666,25.55121733498746,19.74991917773476,0.28456445247310835,1.274792291945699,-0.6598625992347186,26.781792563414204,23.550908245707287,-3.2308843177069164,539.7205672718266,381.3988084357151,0.026014930993672684,0.29925485363446414,0.65,0.34,0.28,0.28,0.12,0.041999999999999996
DAE51,6,10,5.5,2.2,balanced,3,7.0,40.0,0,14000.0,22.838331802584264,7.919165901292132,166000.0,541000.0,2.3339441899208664,5.7319522132409295,4.466753567060597,1.4559080024254025,13.266666666666666,24.566946953832815,19.338796528650963,0.3351535875785663,1.2236420630488363,-0.644520761050271,25.70719019207724,23.550908245707287,-2.156281946369951,539.7205672718266,381.3988084357151,0.026014930993672684,0.29925485363446414,0.65,0.34,0.28,0.28,0.12,0.041999999999999996
DAE51,6,10,5.5,2.2,balanced,3,7.5,0.0,0,5434.4482421875,10.647796131060595,1.5738980655302974,178000.0,252000.0,2.0331247165532877,2.176145018150769,7.24935481872453,0.07034507053750261,13.266666666666666,9.40604104723843,15.592595889555307,0.6216956807921556,0.038724307477651446,-0.11663842348332504,0.933921384246172,0.930254931789438,-0.003666452456734026,25.056639745048138,10.84078061643466,0.0019049188567329648,0.11793749451128888,0.65,0.34,0.28,0.28,0.12,0.041999999999999996
DAE51,6,10,5.5,2.2,balanced,3,7.5,20.0,0,14000.0,23.17654227711634,7.83827113855817,178000.0,549000.0,2.0331247165532877,5.380565859620296,4.610301178573856,1.6464514526889684,13.266666666666666,25.88738384774045,19.387144477584997,0.32472924125247626,1.129003381503408,-0.5775010124751377,27.228386239851723,23.072217794856602,-4.156168444995121,534.3611573152099,377.54003326695107,0.025751726789791658,0.29935779830662307,0.65,0.34,0.28,0.28,0.12,0.041999999999999996
DAE51,6,10,5.5,2.2,balanced,3,7.5,40.0,0,14000.0,23.17654227711634,7.83827113855817,178000.0,549000.0,2.0331247165532877,5.6601459744300975,4.494997531460514,1.7839639783759158,13.266666666666666,25.190183930263306,19.03948726548687,0.3832818900948256,1.0985754237968657,-0.5679060633078944,26.494549478600973,23.072217794856602,-3.422331683744371,534.3611573152099,377.54003326695107,0.025751726789791658,0.29935779830662307,0.65,0.34,0.28,0.28,0.12,0.041999999999999996
DAE51,6,10,5.5,2.2,balanced,3,8.0,0.0,1,5375.3662109375,10.631514802859442,1.315757401429721,190000.0,252000.0,1.786926020408163,1.9948831133328948,7.5715456724450325,0.1163770019293977,13.266666666666666,7.886445258465188,15.625880633101549,0.5747644466378576,0.02365536886474982,-0.12618557041432021,0.6491033216487351,0.6501303211084454,0.0010269994597102983,23.238696495843318,9.531861477007189,0.00169332783449743,0.116981510449383,0.65,0.34,0.28,0.28,0.12,0.041999999999999996
DAE51,6,10,5.5,2.2,balanced,3,8.0,20.0,0,14000.0,23.508046424291187,7.754023212145594,190000.0,557000.0,1.786926020408163,5.258747188933506,4.663394186791172,1.9429014569569714,13.55,26.222994390876742,19.092490919564387,0.4126320092324862,1.0086019720007975,-0.5098750149573523,27.676038111701885,22.578909948580907,-5.097128163120978,528.7833500093798,373.5240120067534,0.02547779694616769,0.2994678034782191,0.65,0.34,0.28,0.28,0.12,0.041999999999999996
DAE51,6,10,5.5,2.2,balanced,3,8.0,40.0,0,14000.0,23.508046424291187,7.754023212145594,190000.0,557000.0,1.786926020408163,5.574016943493618,4.529592481714182,2.1193327982433328,13.266666666666666,25.71560106111831,18.777171889121462,0.43031202828000836,0.9907762019970258,-0.5034423241912034,27.18689898279839,22.578909948580907,-4.607989034217482,528.7833500093798,373.5240120067534,0.02547779694616769,0.2994678034782191,0.65,0.34,0.28,0.28,0.12,0.041999999999999996
DAE51,6,10,5.5,2.2,balanced,3,8.5,0.0,1,5501.5869140625,10.89750530508911,1.198752652544555,201000.0,258000.0,1.582882564790622,1.9044167216924937,7.749296542451374,0.20313203522107348,13.266666666666666,6.638815442182317,15.699221027942308,0.5483997215317,0.017377684639413173,-0.13031280376551377,0.5383117953909717,0.539644730071586,0.0013329346806142395,23.538879341728784,9.747993126044724,0.0016919932181060986,0.11991315290096473,0.65,0.34,0.28,0.28,0.12,0.041999999999999996
DAE51,6,10,5.5,2.2,balanced,3,8.5,20.0,0,14000.0,23.832791958251875,7.666395979125937,201000.0,565000.0,1.582882564790622,5.124343448345959,4.724155219176936,2.2373491011468616,13.55,26.578041672264654,18.851311573863608,0.4475754956464053,0.9087215932033262,-0.45377041993353345,28.14963917795816,22.07147069906464,-6.07816847889352,522.9924682664426,369.3545771518387,0.02519340287457084,0.29958486137157503,0.65,0.34,0.28,0.28,0.12,0.041999999999999996
DAE51,6,10,5.5,2.2,balanced,3,8.5,40.0,0,14000.0,23.832791958251875,7.666395979125937,201000.0,565000.0,1.582882564790622,5.475344860151415,4.57022450271761,2.459097334157366,13.266666666666666,26.195227793577654,18.549796214550387,0.47419468225657546,0.8980882849156868,-0.4491730163716345,27.82024919338665,22.07147069906464,-5.748778494322011,522.9924682664426,369.3545771518387,0.02519340287457084,0.29958486137157503,0.65,0.34,0.28,0.28,0.12,0.041999999999999996
DAE51,6,10,5.5,2.2,balanced,3,9.0,0.0,1,5729.8583984375,11.350881662689748,1.1754408313448739,213000.0,269000.0,1.4118921642731166,1.8653444677952287,7.830035871813762,0.32116638578808354,13.55,5.543270434099307,15.812077297067658,0.5467054939153764,0.01493676524152909,-0.131543289289238,0.5187351858817534,0.5188601578690235,0.00012497198727012826,25.08540683779311,10.861492923211038,0.0018101602181562527,0.12497804891346334,0.65,0.34,0.28,0.28,0.12,0.041999999999999996
DAE51,6,10,5.5,2.2,balanced,3,9.0,20.0,0,14000.0,24.150698229750695,7.575349114875348,213000.0,572000.0,1.4118921642731166,4.981106722430466,4.791597724947588,2.5279654129923483,13.55,26.99027651764468,18.65346546680936,0.4759209877671635,0.8259149110596747,-0.4068420624934498,28.682992467463677,21.550337831298144,-7.132654636165533,516.9933455119192,365.0352087685818,0.0248987819477579,0.2997089637229067,0.65,0.34,0.28,0.28,0.12,0.041999999999999996
DAE51,6,10,5.5,2.2,balanced,3,9.0,40.0,0,14000.0,24.150698229750695,7.575349114875348,213000.0,572000.0,1.4118921642731166,5.366329886767252,4.616412306075754,2.800807188082948,13.266666666666666,26.686805492242705,18.35602490127503,0.5136149236857523,0.8197097047802143,-0.4034796208799681,28.467493409885865,21.550337831298144,-6.917155578587721,516.9933455119192,365.0352087685818,0.0248987819477579,0.2997089637229067,0.65,0.34,0.28,0.28,0.12,0.041999999999999996
DAE51,6,10,5.5,2.2,balanced,3,9.5,0.0,1,5984.9853515625,11.854934069742548,1.177467034871274,225000.0,281000.0,1.267182995081689,1.8412390554177,7.881124428180776,0.45301749042095096,13.55,4.588365757139363,15.914936546117795,0.5365705706508581,0.013441143141685034,-0.13249665847383316,0.5201008335102706,0.5206505030288412,0.0005496695185706058,27.119176456474797,12.325807048661853,0.0019666345070127682,0.13060387344710006,0.65,0.34,0.28,0.28,0.12,0.041999999999999996
DAE51,6,10,5.5,2.2,balanced,3,9.5,20.0,0,14000.0,24.461656642554836,7.480828321277418,225000.0,579000.0,1.267182995081689,4.832473074204873,4.86472787987012,2.8135558107717085,13.55,27.505822721638506,18.48516231136869,0.49763408040888457,0.7584304120858862,-0.36746109310305886,29.347227786159593,21.015907791380798,-8.331319994778795,510.7903909635065,360.5690814937247,0.024594150705356022,0.29984010178521403,0.65,0.34,0.28,0.28,0.12,0.041999999999999996
DAE51,6,10,5.5,2.2,balanced,3,9.5,40.0,0,14000.0,24.461656642554836,7.480828321277418,225000.0,579000.0,1.267182995081689,5.24904972620274,4.667699939820486,3.1422981105143064,13.266666666666666,27.261740392894048,18.18378639147791,0.5475899456156323,0.7549727947738285,-0.3650103508308169,29.213436364774928,21.015907791380798,-8.19752857339413,510.7903909635065,360.5690814937247,0.024594150705356022,0.29984010178521403,0.65,0.34,0.28,0.28,0.12,0.041999999999999996
DAE51,6,10,5.5,2.2,balanced,3,10.0,0.0,0,6250.8544921875,12.378724003555357,1.1893620017776785,237000.0,293000.0,1.1436326530612244,1.8235192005641365,7.919323849124025,0.594497320169219,13.55,3.7679964427124126,16.019585637363917,0.5272853138858635,0.012408828044104613,-0.13296229904556267,0.5320285023909853,0.5312230325065506,-0.0008054698844347508,29.498746456409208,14.039097448614628,0.0021447228614472876,0.13645404512115747,0.65,0.34,0.28,0.28,0.12,0.041999999999999996
DAE51,6,10,5.5,2.2,balanced,3,10.0,20.0,0,12776.7333984375,22.935394398219003,6.467697199109502,237000.0,543000.0,1.1436326530612244,4.351400847611359,5.1265916689637105,2.8048938494049858,13.55,27.999917415966266,18.11160861368734,0.5326952428727294,0.6992969887004505,-0.33361467765766656,29.982358390531818,15.708985408030307,-14.273372982501511,366.15103724490655,256.4287468163327,0.01916541638647816,0.27402661834819064,0.65,0.34,0.28,0.28,0.12,0.041999999999999996
DAE51,6,10,5.5,2.2,balanced,3,10.0,40.0,0,14000.0,24.765530431486546,7.382765215743273,237000.0,587000.0,1.1436326530612244,5.125979002571235,4.723401487210844,3.4821901410826674,13.266666666666666,-6.0,18.0415240958166,0.5758144213932654,5.209539635874202,-0.49723034929258414,223.3590118881064,20.468541257340295,-202.89047063076612,504.38764307222283,355.9591030120004,0.024279707478393014,0.2999782663313337,0.65,0.34,0.28,0.28,0.12,0.041999999999999996
DAE51,6,10,5.5,2.2,balanced,3,10.5,0.0,0,6524.7802734375,12.918586708304069,1.2092933541520345,249000.0,306000.0,1.0373085288537183,1.8107071180890357,7.947291978291914,0.745582020895909,13.55,3.064094032896813,16.126482776954607,0.5181193356872573,0.011633393869487087,-0.13276355382098745,0.5499068927750703,0.5491767090794052,-0.000730183695665132,32.234390253102276,16.008760982233635,0.0023429510294514485,0.1424723437317265,0.65,0.34,0.28,0.28,0.12,0.041999999999999996
DAE51,6,10,5.5,2.2,balanced,3,10.5,20.0,0,9054.5654296875,17.53635934867457,3.5181796743372846,249000.0,415000.0,1.0373085288537183,2.9624101749892437,6.213276461133698,1.8558621592197513,13.55,-6.0,17.540906430996756,0.4759902889725329,0.09836179170056909,-0.20342307798046516,4.649531155625994,4.648200021889971,-0.0013311337360235598,104.7129657868937,68.19333536656346,0.007191934164345546,0.1955053907865009,0.65,0.34,0.28,0.28,0.12,0.041999999999999996
DAE51,6,10,5.5,2.2,balanced,3,10.5,40.0,0,14000.0,25.062153846089068,7.281076923044534,249000.0,594000.0,1.0373085288537183,4.999060083313072,4.782985840173638,3.8192605615971384,13.266666666666666,-6.0,17.916424628549496,0.5984921703938886,5.022979557551507,-0.47626320548495904,237.43467400434795,19.90856771181068,-217.52610629253726,497.7888137773203,351.2079459196706,0.023955634562685693,0.30012344765714954,0.65,0.34,0.28,0.28,0.12,0.041999999999999996
DAE51,6,10,5.5,2.2,balanced,3,11.0,0.0,0,6801.3916015625,13.462540160734115,1.2312700803670573,261000.0,319000.0,0.9451509529431605,1.800093264183397,7.9706872720366,0.9045563659201548,13.55,2.4618633588973564,16.22084270035747,0.5087562668125494,0.01100243024680587,-0.1319692367850224,0.5707923281664801,0.5693186758878586,-0.0014736522786215067,35.274955969983694,18.197968298388258,0.0025550329508326436,0.14854676177143425,0.65,0.34,0.28,0.28,0.12,0.041999999999999996
DAE51,6,10,5.5,2.2,balanced,3,11.0,20.0,0,9425.1708984375,18.326326806172965,3.6631634030864824,261000.0,434000.0,0.9451509529431605,2.955144453472087,6.220909966491671,2.1266375432092524,13.55,-6.0,17.568990000782577,0.46933069093011737,0.09714005692895888,-0.20295601485422232,5.039504728403226,5.039197285353692,-0.00030744304953334023,117.62364780222318,77.48902641760068,0.007850952554155254,0.2035396336426386,0.65,0.34,0.28,0.28,0.12,0.041999999999999996
DAE51,6,10,5.5,2.2,balanced,3,11.0,40.0,0,14000.0,25.35133074838411,7.1756653741920555,261000.0,601000.0,0.9451509529431605,4.870196344754545,4.845850797948041,4.152823820987491,13.266666666666666,-6.0,17.814117244851644,0.6158914045925927,4.841215643795602,-0.4565390662827881,251.15621608056108,19.336289235672933,-231.81992684488816,490.9973255322646,346.3180743832305,0.023622100037210495,0.30027563558495907,0.65,0.34,0.28,0.28,0.12,0.041999999999999996
DAE51,6,10,5.5,2.2,balanced,3,11.5,0.0,1,7083.3740234375,14.018633990215488,1.2593169951077439,272000.0,332000.0,0.8647505883260675,1.7926857500682105,7.98713803917189,1.073066817495186,13.55,1.9321767139046637,16.310191021878968,0.4996921236546281,0.010485756165375214,-0.13102945817615197,0.5945653121683864,0.5955509294939936,0.000985617325607202,38.70285518671187,20.666055734432547,0.002786049343263149,0.1547331496732479,0.65,0.34,0.28,0.28,0.12,0.041999999999999996
DAE51,6,10,5.5,2.2,balanced,3,11.5,20.0,0,9793.0908203125,19.113089492795755,3.8065447463978774,272000.0,453000.0,0.8647505883260675,2.9481694877447997,6.228264530099204,2.409271444904929,13.55,-6.0,17.591095042298193,0.46342142880834336,0.09596529741778032,-0.20250378834307545,5.441442287676245,5.441400054701009,-4.223297523608949e-05,131.57486850473487,87.5339053234091,0.008535479130733095,0.21151751518437498,0.65,0.34,0.28,0.28,0.12,0.041999999999999996
DAE51,6,10,5.5,2.2,balanced,3,11.5,40.0,0,14000.0,25.632832601964566,7.066416300982283,272000.0,607000.0,0.8647505883260675,4.740665196432042,4.911607241291522,4.482118498015408,13.266666666666666,-6.0,17.721551300805324,0.6285144642920795,4.6687908919291194,-0.43812044245670173,264.73065655245716,18.75198368574925,-245.9786728667079,484.01634257049545,341.2917666507567,0.02327925929958583,0.300434819466993,0.65,0.34,0.28,0.28,0.12,0.041999999999999996
DAE51,6,10,5.5,2.2,balanced,3,12.0,0.0,1,7365.3564453125,14.573160146283204,1.286580073141602,284000.0,345000.0,0.7941893424036282,1.7860417885614464,8.001980071100908,1.2488866233787013,13.55,1.4646183702766202,16.39980356425349,0.4900946045367598,0.010043773765414743,-0.12998372057003527,0.6201025922767062,0.6216163361882716,0.001513743911565446,42.44071210484551,23.357312715488764,0.003028311096915685,0.16091963093886177,0.65,0.34,0.28,0.28,0.12,0.041999999999999996
DAE51,6,10,5.5,2.2,balanced,3,12.0,20.0,1,10158.3251953125,19.896520781716635,3.9482603908583176,284000.0,471000.0,0.7941893424036282,2.941310989198917,6.235521782212994,2.703538730823291,13.55,-6.0,17.60889745382267,0.45852115741431154,0.09481584142847754,-0.20209908482424632,5.853930049794203,5.854102900334053,0.00017285053985016674,146.58967780313208,98.34456801825509,0.009244845282309896,0.21943903938551984,0.65,0.34,0.28,0.28,0.12,0.041999999999999996
DAE51,6,10,5.5,2.2,balanced,3,12.0,40.0,0,14000.0,25.90639579924982,6.953197899624911,284000.0,614000.0,0.7941893424036282,4.612030573113797,4.979631260642381,4.80721790997019,13.266666666666666,-6.0,17.644070882031663,0.6367925755329935,4.499721586422795,-0.4206832586091477,277.8128107457433,18.155907379791877,-259.65690336595145,476.84879752931056,336.1311342211036,0.022927256373588847,0.30060098818908493,0.65,0.34,0.28,0.28,0.12,0.041999999999999996
DAE51,6,10,5.5,2.2,balanced,3,12.5,0.0,0,7647.3388671875,15.126175347340933,1.3130876736704664,296000.0,358000.0,0.7319248979591836,1.7800817756735967,8.015364863745292,1.432055229487308,13.55,1.044837849844496,16.476233830203977,0.48013588586652545,0.00967382360263766,-0.1289995948111654,0.6480706046298276,0.6474947135285256,-0.0005758911013019619,46.50370193258236,26.282665391459297,0.0032819386094913097,0.16710619519894063,0.65,0.34,0.28,0.28,0.12,0.041999999999999996
DAE51,6,10,5.5,2.2,balanced,3,12.5,20.0,0,10518.1884765625,20.672089642363094,4.086044821181547,296000.0,490000.0,0.7319248979591836,2.9339373254212244,6.243352520144057,3.0085223683493796,13.55,-6.0,17.624133078345853,0.45419098404474534,0.09359152876579624,-0.20169890473553037,6.2699012434898655,6.269819387550472,-8.185593939380453e-05,162.53087380706782,109.82222914108883,0.009970586095574928,0.227247681231506,0.65,0.34,0.28,0.28,0.12,0.041999999999999996
DAE51,6,10,5.5,2.2,balanced,3,12.5,40.0,0,14000.0,26.17171824112006,6.8358591205600305,296000.0,620000.0,0.7319248979591836,4.484867498565373,5.049733572834811,5.1274968389113,13.266666666666666,-6.0,17.57976018182775,0.64131428111707,4.340896503986553,-0.4044163871465898,290.80615251316163,17.548297383169093,-273.25785512999255,469.49741429477217,330.83813829223595,0.022566225031084033,0.3007741301744886,0.65,0.34,0.28,0.28,0.12,0.041999999999999996
DAE51,6,10,5.5,2.2,balanced,3,13.0,0.0,1,7934.6923828125,15.693486762031227,1.3467433810156137,308000.0,372000.0,0.6767057118705471,1.777108411681095,8.022067503996743,1.6261170557712883,13.55,0.6578874640102484,16.551656908237252,0.46994301918021386,0.009377040448000631,-0.12825008165748283,0.6794486295615657,0.6811119146838449,0.0016632851222792011,51.050558674525604,29.556402245658433,0.0035570736384930076,0.1734046040131738,0.65,0.34,0.28,0.28,0.12,0.041999999999999996
DAE51,6,10,5.5,2.2,balanced,3,13.0,20.0,1,10875.3662109375,21.444014641592595,4.222007320796298,308000.0,508000.0,0.6767057118705471,2.9266158711703745,6.251157074851629,3.3247985347731666,13.55,-6.0,17.636671591041164,0.45072673938304364,0.09237827803058807,-0.2013498484964491,6.693614553248873,6.6940159372950045,0.0004013840461318807,179.55003445289924,122.07602480608745,0.01071908884945372,0.23499999268281005,0.65,0.34,0.28,0.28,0.12,0.041999999999999996
DAE51,6,10,5.5,2.2,balanced,3,13.0,40.0,0,14000.0,26.428455045312468,6.714227522656234,308000.0,626000.0,0.6767057118705471,4.360037288039078,5.1215117295284855,5.443033081525323,13.266666666666666,-6.0,17.52629876451516,0.642600127694303,4.189219397830083,-0.3891149123861829,303.5456010425205,16.929373470457147,-286.61622757206334,461.9647277414368,325.41460397383446,0.02219628976145455,0.3009542333878396,0.65,0.34,0.28,0.28,0.12,0.041999999999999996
DAE51,6,10,5.5,2.2,balanced,3,13.5,0.0,1,8222.0458984375,16.260106293130157,1.3800531465650785,320000.0,385000.0,0.6275076285658295,1.7745107548829577,8.02793699716635,1.8278712068227874,13.55,0.3110735400318513,16.620416937597785,0.4599603676827444,0.009150114890694044,-0.12749379486951246,0.7149871181479293,0.7152212366251787,0.00023411847724941204,55.977152891938836,33.10355008219596,0.003844731854736669,0.17970305269741638,0.65,0.34,0.28,0.28,0.12,0.041999999999999996
DAE51,6,10,5.5,2.2,balanced,3,13.5,20.0,1,11227.1728515625,22.207700618280406,4.353850309140203,320000.0,526000.0,0.6275076285658295,2.918654660089909,6.25967690603588,3.6511859413733383,13.55,-6.0,17.647466468428952,0.44775155163206515,0.09109901441326085,-0.20100464704991766,7.118448517810199,7.118619250514426,0.00017073270422685027,197.4791565883609,134.98499274361984,0.011481178274750172,0.24263946684508417,0.65,0.34,0.28,0.28,0.12,0.041999999999999996
DAE51,6,10,5.5,2.2,balanced,3,13.5,40.0,0,14000.0,26.67621321338371,6.588106606691856,320000.0,632000.0,0.6275076285658295,4.2380402483152695,5.194703150610521,5.75376689523492,13.266666666666666,-6.0,17.47839099524609,0.6411367955418585,4.04469347900514,-0.37471203124935304,316.0510844827495,16.299339819352518,-299.751744663397,454.2531008988455,319.86223264716875,0.021817566614660028,0.301141285339258,0.65,0.34,0.28,0.28,0.12,0.041999999999999996
DAE51,6,10,5.5,2.2,balanced,3,14.0,0.0,0,8512.0849609375,16.83424140301603,1.417120701508015,332000.0,399000.0,0.5834860474802166,1.773598375458484,8.030001608553333,2.0396585884405725,13.55,0.002190786108725404,16.68372066049794,0.44961532073412114,0.008975483745719192,-0.126805234828565,0.7542547765715123,0.7541582088279785,-9.656774353383746e-05,61.38486935514427,36.99710593570387,0.004150526445718127,0.18605741254779953,0.65,0.34,0.28,0.28,0.12,0.041999999999999996
DAE51,6,10,5.5,2.2,balanced,3,14.0,20.0,1,11573.6083984375,22.96292986740503,4.481464933702515,332000.0,544000.0,0.5834860474802166,2.910077994507255,6.268894469393675,3.9873994538077158,13.55,-6.0,17.65685700284567,0.44514681811475887,0.08974522482781958,-0.20065967407120647,7.5417399684058175,7.542039159806535,0.0002991914007175467,216.2918014608786,148.53009705183257,0.01225510575262398,0.25016613574328705,0.65,0.34,0.28,0.28,0.12,0.041999999999999996
DAE51,6,10,5.5,2.2,balanced,3,14.0,40.0,0,14000.0,26.914545026170416,6.457272513085208,332000.0,638000.0,0.5834860474802166,4.119211731407428,5.269097265936088,6.059657637395506,13.266666666666666,-6.0,17.437424944411426,0.6373607438592885,3.9071688228974564,-0.36114167847672035,328.33893203218776,15.658386482396196,-312.68054554979153,446.3647399689079,314.18261277761366,0.021430163938750326,0.3013352730885893,0.65,0.34,0.28,0.28,0.12,0.041999999999999996
DAE51,6,10,5.5,2.2,balanced,3,14.5,0.0,1,8807.4951171875,17.424611263030922,1.462305631515461,343000.0,413000.0,0.5439394307068843,1.7751192711753356,8.026560878595765,2.263450250092099,13.55,-0.2783387278966418,16.733968523178966,0.44002700972666364,0.00888738503960443,-0.1265450408898989,0.8011505470873165,0.8030176352016296,0.0018670881143131313,67.40204159350509,41.32946994732366,0.004481039852964449,0.19252354001094654,0.65,0.34,0.28,0.28,0.12,0.041999999999999996
DAE51,6,10,5.5,2.2,balanced,3,14.5,20.0,1,11914.6728515625,23.70948899029346,4.604744495146729,343000.0,562000.0,0.5439394307068843,2.900886475275539,6.27881817610656,4.333105694333742,13.55,-6.0,17.66434192415405,0.4428594870770919,0.08832536291018697,-0.2002993828534368,7.962062237862895,7.962690814287732,0.0006285764248366021,235.95733439928304,162.68928076748378,0.013039117504001628,0.25758003222904113,0.65,0.34,0.28,0.28,0.12,0.041999999999999996
DAE51,6,10,5.5,2.2,balanced,3,14.5,40.0,0,14000.0,27.142939858227667,6.321469929113833,343000.0,643000.0,0.5439394307068843,4.0035646241032055,5.344657157734091,6.360313296096801,13.266666666666666,-6.0,17.40216637858151,0.6316978407829428,3.778639997949151,-0.3484328078478329,340.6243217901269,15.006690672896912,-325.61763111722996,438.3017075354805,308.3772294255459,0.021034183028596762,0.3015361832497805,0.65,0.34,0.28,0.28,0.12,0.041999999999999996
DAE51,6,10,5.5,2.2,balanced,3,15.0,0.0,1,9108.2763671875,18.031826882981477,1.5159134414907385,355000.0,427000.0,0.5082811791383219,1.7790331890261704,8.017726698957302,2.5000965253958976,13.55,-0.5430446420973091,16.781779315668974,0.4308883670611947,0.008941792836020736,-0.1268629866026547,0.8626035776498754,0.8629737502146823,0.0003701725648068699,74.08981847457505,46.14466930169404,0.004837898140528125,0.19910141829364233,0.65,0.34,0.28,0.28,0.12,0.041999999999999996
DAE51,6,10,5.5,2.2,balanced,3,15.0,20.0,0,12250.3662109375,24.447167816859793,4.723583908429896,355000.0,579000.0,0.5082811791383219,2.8910017437417967,6.289543086763345,4.687800104349426,13.55,-6.0,17.67138205149,0.4406962739622715,0.08687999479255717,-0.1998867659583553,8.3812044976445,8.378997230100996,-0.002207267543504088,256.44110313286126,177.43759425566012,0.013831457638013536,0.2648811900030681,0.65,0.34,0.28,0.28,0.12,0.041999999999999996
DAE51,6,10,5.5,2.2,balanced,3,15.0,40.0,0,14000.0,27.36081399361747,6.180406996808735,355000.0,648000.0,0.5082811791383219,3.8914188774002834,5.421123270224357,6.656035747767253,13.266666666666666,-6.0,17.37228294940461,0.624382546268039,3.656293797941734,-0.33642392214230266,352.71809232019166,14.344417894411222,-338.37367442578045,430.06593424311086,302.4474726550398,0.020629718699443043,0.30174400199538653,0.65,0.34,0.28,0.28,0.12,0.041999999999999996
