mode,sweep_type,velocity_mps,alpha_deg,cl,cl_required,cm,tail_cl,wing_profile_drag_n,wing_induced_drag_n,htail_drag_n,vtail_drag_n,fuselage_drag_n,total_drag_n,power_w,rpm,thrust_required_n,thrust_available_n,rpm_feasible
clean,velocity,3.5,13.382978723404257,1.4217541191665373,9.335776759683466,-0.05113871988921177,0.22165754077760066,0.3010546044904868,0.8972760514591889,0.011494070749735578,0.004446313684391192,0.08253437500000001,1.2968054153838027,20.113089446840725,4353.515625,1.2968054153838027,1.2968580587582215,1.0
clean,velocity,3.75,13.382978723404257,1.4217541191665373,8.132498866213151,-0.05113871988921177,0.22165754077760066,0.3455983980120385,1.0300362835628445,0.013194724074951557,0.005104186627489888,0.09474609375,1.4886796860273244,22.369527669525514,4630.859375,1.4886796860273244,1.4872841760690574,1.0
clean,velocity,4.0,13.382978723404257,1.4217541191665373,7.147704081632652,-0.05113871988921177,0.22165754077760066,0.3932141772936971,1.1719523937426142,0.015012663836389325,0.005807430118388495,0.1078,1.693786664991089,24.954929119313952,4908.203125,1.693786664991089,1.69253669888092,1.0
clean,velocity,4.25,13.382978723404257,1.4217541191665373,6.331530259162488,-0.05113871988921177,0.22165754077760066,0.44390194233546276,1.323024381998498,0.01694789003404889,0.006556044157087012,0.12169609375,1.9121263522750969,27.89480514702784,5185.546875,1.9121263522750969,1.9128665210766744,1.0
clean,velocity,4.5,13.382978723404257,1.4217541191665373,5.647568657092466,-0.05113871988921177,0.22165754077760066,0.4976616931373354,1.483252248330496,0.01900040266793024,0.0073500287435854395,0.136434375,2.143698747879347,31.15985013155275,5458.984375,2.143698747879347,2.1438651438086955,1.0
clean,velocity,4.75,13.382978723404257,1.4217541191665373,5.068731980326756,-0.05113871988921177,0.22165754077760066,0.5544934296993151,1.6526359927386083,0.021170201738033384,0.008189383877883778,0.15201484375,2.388503851803841,34.818528411383454,5732.421875,2.388503851803841,2.3898111236727755,1.0
clean,velocity,5.0,13.382978723404257,1.4217541191665373,4.574530612244898,-0.05113871988921177,0.22165754077760066,0.6143971520214018,1.8311756152228347,0.023457287244358322,0.009074109559982025,0.16843750000000002,2.6465416640485766,38.827748081897155,6001.953125,2.6465416640485766,2.6456681526579113,1.0
clean,velocity,5.25,13.382978723404257,1.4217541191665373,4.149234115414873,-0.05113871988921177,0.22165754077760066,0.6773728601035954,2.018871115783175,0.02586165918690505,0.01000420578988018,0.18570234375,2.9178121846135556,43.267385063413094,6271.484375,2.9178121846135556,2.916279513870261,1.0
clean,velocity,5.5,13.382978723404257,1.4217541191665373,3.780603811772642,-0.05113871988921177,0.22165754077760066,0.7434205539458961,2.21572249441963,0.028383317565673576,0.01097967256757825,0.20380937500000001,3.2023154134987784,48.16239674899697,6541.015625,3.2023154134987784,3.2018327437128837,1.0
clean,velocity,5.75,13.382978723404257,1.4217541191665373,3.45900235330427,-0.05113871988921177,0.22165754077760066,0.8125402335483038,2.4217297511321987,0.031022262380663884,0.012000509893076229,0.22275859375,3.500051350704243,53.538060273585614,6810.546875,3.500051350704243,3.50251005472729,1.0
clean,velocity,6.0,13.382978723404257,1.4217541191665373,3.1767573696145126,-0.05113871988921177,0.22165754077760066,0.8847318989108185,2.6368928859208816,0.03377849363187598,0.013066717766374112,0.24255,3.8110199962299505,59.32010289826258,7076.171875,3.8110199962299505,3.812011956838501,1.0
clean,velocity,6.25,13.382978723404257,1.4217541191665373,2.9276995918367343,-0.05113871988921177,0.22165754077760066,0.9599955500334403,2.861211898785679,0.036652011319309875,0.014178296187471911,0.26318359375,4.135221350075902,65.61661778809632,7341.796875,4.135221350075902,4.1363583329695555,1.0
clean,velocity,6.5,13.382978723404257,1.4217541191665373,2.7068228474821883,-0.05113871988921177,0.22165754077760066,1.0383311869161689,3.09468678972659,0.039642815442965565,0.01533524515636962,0.284659375,4.472655412242094,72.45251420063609,7607.421875,4.472655412242094,4.475707217074768,1.0
clean,velocity,6.75,13.382978723404257,1.4217541191665373,2.510030514263318,-0.05113871988921177,0.22165754077760066,1.1197388095590048,3.3373175587436164,0.042750906002843043,0.01653756467306724,0.30697734375,4.823322182728531,79.72573533838845,7869.140625,4.823322182728531,4.82279583544841,1.0
clean,velocity,7.0,13.382978723404257,1.4217541191665373,2.3339441899208664,-0.05113871988921177,0.22165754077760066,1.2042184179619473,3.5891042058367555,0.04597628299894231,0.017785254737564767,0.33013750000000003,5.187221661535211,87.5690823930061,8130.859375,5.187221661535211,5.1845541399502455,1.0
clean,velocity,7.25,13.382978723404257,1.4217541191665373,2.1757577228275373,-0.05113871988921177,0.22165754077760066,1.2917700121249973,3.85004673100601,0.049318946431263375,0.019078315349862207,0.35413984375,5.564353848662132,96.00697799279996,8392.578125,5.564353848662132,5.561120274116542,1.0
clean,velocity,7.5,13.382978723404257,1.4217541191665373,2.0331247165532877,-0.05113871988921177,0.22165754077760066,1.382393592048154,4.120145134251378,0.05277889629980623,0.020416746509959553,0.378984375,5.9547187441092975,105.06407844876279,8654.296875,5.9547187441092975,5.9526294470298176,1.0
clean,velocity,7.75,13.382978723404257,1.4217541191665373,1.9040710144619761,-0.05113871988921177,0.22165754077760066,1.4760891577314177,4.39939941557286,0.056356132604570876,0.021800548217856812,0.40467109375000004,6.3583163478767055,114.76526869968679,8916.015625,6.3583163478767055,6.359214079855531,1.0
clean,velocity,8.0,13.382978723404257,1.4217541191665373,1.786926020408163,-0.05113871988921177,0.22165754077760066,1.5728567091747885,4.687809574970457,0.0600506553455573,0.02322972047355398,0.4312,6.775146659964356,124.9551275928176,9173.828125,6.775146659964356,6.771983087283266,1.0
clean,velocity,8.25,13.382978723404257,1.4217541191665373,1.6802683607878413,-0.05113871988921177,0.22165754077760066,1.6726962463782662,4.985375612444167,0.06386246452276553,0.02470426327705106,0.45857109375,7.205209680372249,136.00807018427435,9435.546875,7.205209680372249,7.208775018927325,1.0
clean,velocity,8.5,13.382978723404257,1.4217541191665373,1.582882564790622,-0.05113871988921177,0.22165754077760066,1.775607769341851,5.292097527993992,0.06779156013619556,0.02622417662834805,0.486784375,7.6485054091003875,147.57593896092257,9693.359375,7.6485054091003875,7.651343121364724,1.0
clean,velocity,8.75,13.382978723404257,1.4217541191665373,1.4937242815493543,-0.05113871988921177,0.22165754077760066,1.8815912780655428,5.607975321619931,0.07183794218584735,0.027789460527444947,0.5158398437499999,8.105033846148766,159.8637198483243,9951.171875,8.105033846148766,8.108822939019943,1.0
clean,velocity,9.0,12.640662347709007,1.4118921642731166,1.4118921642731166,-0.053733093388064264,0.21356646183388867,1.7180732301002313,5.850986179172036,0.07411515872009282,0.029400114974341758,0.5457375,8.218312182966702,164.96910552869744,10072.265625,8.218312182966702,8.223211580184696,1.0
clean,velocity,9.25,9.771507987215402,1.336604999925463,1.336604999925463,-0.07305736008229935,0.15286822135891584,0.9979435010108348,5.538990568449202,0.06570356926548722,0.031056139969038478,0.57647734375,7.210171122444562,145.54738222895168,9748.046875,7.210171122444562,7.207589645996096,1.0
clean,velocity,9.5,7.856404721466309,1.267182995081689,1.267182995081689,-0.08992194929614902,0.09901915064453833,0.6425230540547089,5.251300615101772,0.061207055728561784,0.03275753551153511,0.608059375,6.595847635396577,135.11823871533736,9576.171875,6.595847635396577,6.597222157508039,1.0
clean,velocity,9.75,6.9424191614152635,1.2030323766587503,1.2030323766587503,-0.09559698779111382,0.07127897120547991,0.5515842850384971,4.985455679294516,0.06150077551692176,0.03450430160183165,0.64048359375,6.273528635201766,130.76619232589513,9521.484375,6.273528635201766,6.271726646204537,1.0
clean,velocity,10.0,6.290214104294088,1.1436326530612244,1.1436326530612244,-0.09788611605332183,0.05218347773223619,0.528602492637495,4.73929880512935,0.06313587649195332,0.0362964382399281,0.6737500000000001,6.041083612498726,128.51968803701058,9509.765625,6.041083612498726,6.045557781617214,1.0
clean,velocity,10.25,5.730798316276591,1.088526023139773,1.088526023139773,-0.09921591982330734,0.036232282030275634,0.5264740985484317,4.510932830581175,0.06535216175451317,0.03813394542582446,0.70785859375,5.848751630059944,127.00416345616422,9513.671875,5.848751630059944,5.85321311121756,1.0
clean,velocity,10.5,5.226487116104348,1.0373085288537183,1.0373085288537183,-0.10034355487025061,0.021647545195006054,0.5308312306656116,4.2986837234733315,0.06796342378904377,0.04001682315952072,0.742809375,5.680304576087508,125.83392199344817,9525.390625,5.680304576087508,5.676179471883163,1.0
clean,velocity,10.75,4.762805264748132,0.9896226310967869,0.9896226310967869,-0.10138219886327855,0.008093440605844939,0.5386101157719695,4.101069815147084,0.07093021037594366,0.041945071441016904,0.77860234375,5.531157556486014,125.37897107376848,9552.734375,5.531157556486014,5.531865650797783,1.0
clean,velocity,11.0,4.336185499417686,0.9451509529431605,0.9451509529431605,-0.10228580763741024,-0.004402559762342639,0.5502781179194505,3.916775872007726,0.07423074269260382,0.043918690270313,0.8152375000000001,5.400440922890093,125.26563621329382,9587.890625,5.400440922890093,5.402248253518653,1.0
clean,velocity,11.25,3.942716679711416,0.9036109851347945,0.9036109851347945,-0.10302252436180065,-0.015836288386233674,0.5647359286750501,3.744631154670102,0.07783690547066523,0.04593767964740899,0.85271484375,5.285856512213226,125.49691148289308,9630.859375,5.285856512213226,5.287229140484947,1.0
clean,velocity,11.5,3.579672166002296,0.8647505883260675,0.8647505883260675,-0.10358233479422653,-0.026244954629988125,0.5812361479275329,3.5835907789257835,0.08171786907657587,0.048002039572304915,0.891034375,5.185581210502198,126.07801317437091,9681.640625,5.185581210502198,5.186774779326562,1.0
clean,velocity,11.75,3.244150077053188,0.8283441579438474,0.8283441579438474,-0.10398076696787277,-0.03571627074669348,0.5990217575798492,3.4327198226378255,0.08584529421772345,0.050111770045000725,0.93019609375,5.097894738230399,127.0164323868226,9740.234375,5.097894738230399,5.100917112833356,1.0
clean,velocity,12.0,2.9331629600506064,0.7941893424036282,0.7941893424036282,-0.10424708263735315,-0.044362984558473685,0.6175882130610174,3.291179725784271,0.09019658671769197,0.05226687106549645,0.9702,5.0214313966284765,128.12848055803994,9802.734375,5.0214313966284765,5.020872468206093,1.0
clean,velocity,12.25,2.643843242881564,0.7621042252802828,0.7621042252802828,-0.10441266659783695,-0.05229774243869335,0.6367096702082365,3.1582166131640808,0.09475512317712255,0.0544673426337921,1.01104609375,4.955194842933232,129.615078136865,9873.046875,4.955194842933232,4.955613599021956,1.0
clean,velocity,12.5,2.3736075170311577,0.7319248979591836,0.7319248979591836,-0.10450507839330214,-0.05962044331531682,0.6563297065652077,3.0331512352827827,0.0995090466191294,0.056713184749887645,1.052734375,4.898437548217007,131.29134628070952,9947.265625,4.898437548217007,4.896382508837686,1.0
clean,velocity,12.75,2.120236999314409,0.7035033621291653,0.7035033621291653,-0.10454648313845481,-0.06641524626761865,0.6764538739319768,2.9153702761272426,0.10444994196745945,0.059004397413783105,1.09526484375,4.850543333190462,133.36560198689057,10029.296875,4.850543333190462,4.852293507491471,1.0
clean,velocity,13.0,1.8819343194864822,0.6767057118705471,0.6767057118705471,-0.10455316400212568,-0.07274991588119066,0.6970927069058758,2.804318819603165,0.10957150788731551,0.06134098062547848,1.1386375,4.810961515021835,135.65074901948623,10115.234375,4.810961515021835,4.814581868039378,1.0
clean,velocity,13.25,1.6569125869060775,0.6514105535414593,0.6514105535414593,-0.1045303057129002,-0.07866460266298889,0.7183602684053265,2.6994938014264713,0.11486617292960374,0.06372293438497376,1.18285234375,4.779295520896375,138.15606812177953,10205.078125,4.779295520896375,4.78341050375965,1.0
clean,velocity,13.5,1.4435083322449187,0.6275076285658295,0.6275076285658295,-0.10450246025459002,-0.0842398695060642,0.7402307986662726,2.600438301854238,0.12033636928692214,0.06615025869226895,1.227909375,4.755065103499701,140.89161045490107,10298.828125,4.755065103499701,4.758959809280225,1.0
clean,velocity,13.75,1.2410013074305617,0.6048966098836228,0.6048966098836228,-0.10447324156143889,-0.08950740802002735,0.762663720051938,2.506736558084945,0.12597892557507642,0.06862295354736406,1.27380859375,4.737810751009324,143.868231323209,10396.484375,4.737810751009324,4.741427977208607,1.0
clean,velocity,14.0,1.0470147949006656,0.5834860474802166,0.5834860474802166,-0.10445644761584574,-0.0945194475564239,0.7859084692572256,2.41800959445375,0.13179724346608496,0.07114101895025907,1.3205500000000001,4.727406326127319,147.09762579196453,10498.046875,4.727406326127319,4.731031315114772,1.0
clean,velocity,14.25,0.8617562166718761,0.5631924422585285,0.5631924422585285,-0.10445277265592068,-0.09929722287705539,0.8098311303465693,2.333911384489676,0.13778993601489975,0.073704454900954,1.3681335937499999,4.723370499502099,150.5923662326303,10603.515625,4.723370499502099,4.728004562936262,1.0
clean,velocity,14.5,0.6839923960565201,0.5439394307068843,0.5439394307068843,-0.10446691741523025,-0.10386918926271146,0.8345635268990939,2.254125472118596,0.1439586935310801,0.07631326139944883,1.416559375,4.725520328948219,154.1373445555861,10708.984375,4.725520328948219,4.723065869332851,1.0
clean,velocity,14.75,0.5130228107158472,0.5256570654691063,0.5256570654691063,-0.10450088659053364,-0.10825629763637967,0.8603751648146136,2.1783619902921454,0.1503046300496702,0.07896743844574357,1.46582734375,4.7338365673521725,158.19922555856778,10822.265625,4.7338365673521725,4.735457660114691,1.0
clean,velocity,15.0,0.34917526582573244,0.5082811791383219,0.5082811791383219,-0.10454600874097267,-0.11245441101295726,0.887047633687606,2.1063550245019327,0.1568216816700206,0.08166698603983821,1.5159375,4.747828825899397,162.33094085808295,10935.546875,4.747828825899397,4.746293869506683,1.0
clean,velocity,15.25,0.19232985911144246,0.491752820450943,0.491752820450943,-0.10459400929765168,-0.11645904419762801,0.9152280479022017,2.0378602763254388,0.16350261994024012,0.08441190418173278,1.56688984375,4.767892692099614,163.50644083037767,11000.0,4.767892692099614,4.633112756489079,0.0
clean,velocity,15.5,0.04255004557603702,0.47601775361549403,0.47601775361549403,-0.10464207875864526,-0.12027674453791616,0.9443856287083454,1.972652988607429,0.17034335552632565,0.08720219287142725,1.6186843750000002,4.793268540713528,160.68619444071413,11000.0,4.793268540713528,4.356285299440016,0.0
clean,velocity,15.75,-0.0985359662156202,0.4610260128238748,0.4610260128238748,-0.10467495787958031,-0.12388538622472184,0.9748669390074658,1.910526099321481,0.17732813833584155,0.09003785210892164,1.67132109375,4.824080122523711,157.83700445698733,11000.0,4.824080122523711,4.077282788095077,0.0
clean,velocity,16.0,-0.23181185777694976,0.44673150510204074,0.44673150510204074,-0.10469633976145268,-0.1273040464996927,1.006512454495488,1.8512885957536516,0.18445619536779806,0.09291888189421592,1.7248,4.859976127511153,154.95898275480144,11000.0,4.859976127511153,3.796117437179607,0.0
clean,alpha,10.0,-4.0,0.05685379459494238,nan,-0.11426040847867702,-0.24050437236159794,0.7831004202998779,0.011712777939490363,0.09958983166627565,0.0362964382399281,0.6737500000000001,1.604449468145572,45.71785326775037,7107.421875,1.604449468145572,1.6047814446027688,1.0
clean,alpha,10.0,-3.75,0.08252584263043757,nan,-0.11345322902240945,-0.23265627009004816,0.7238823040593656,0.02467862348850459,0.09713390882301956,0.0362964382399281,0.6737500000000001,1.555741274610818,44.93493827630533,7072.265625,1.555741274610818,1.555602416066044,1.0
clean,alpha,10.0,-3.5,0.1074428474326436,nan,-0.11251395650259423,-0.22469269274086134,0.6812435822727598,0.04183078515095385,0.09472512762181703,0.0362964382399281,0.6737500000000001,1.5278459332854588,44.504564116188,7052.734375,1.5278459332854588,1.5284720156672658,1.0
clean,alpha,10.0,-3.25,0.1323873152909866,nan,-0.11169870662697472,-0.21699824502518866,0.6449267356659726,0.06350877672105072,0.0924774325479366,0.0362964382399281,0.6737500000000001,1.510959383174888,44.24790248993487,7041.015625,1.510959383174888,1.5122593015168853,1.0
clean,alpha,10.0,-3.0,0.1578703903290116,nan,-0.11102897230579535,-0.20950014339117784,0.6145983459054157,0.09031135594981013,0.09036243353388392,0.0362964382399281,0.6737500000000001,1.505318573629038,44.16260848085979,7037.109375,1.505318573629038,1.506865979500628,1.0
clean,alpha,10.0,-2.75,0.1838100239549317,nan,-0.11048079513250977,-0.2021644967652313,0.5885954607511737,0.12242761262526917,0.08836522497192562,0.0362964382399281,0.6737500000000001,1.5094347365882967,44.16260848085979,7037.109375,1.5094347365882967,1.506865979500628,1.0
clean,alpha,10.0,-2.5,0.2101473981220216,nan,-0.11009552887857345,-0.19509707393888634,0.5661333347853132,0.16002544073141958,0.08650836530821694,0.0362964382399281,0.6737500000000001,1.5227135790648778,44.41888020562903,7048.828125,1.5227135790648778,1.5230623187695647,1.0
clean,alpha,10.0,-2.25,0.23678794624420987,nan,-0.1099351013788042,-0.1884577946844877,0.546324267429808,0.2031702798807988,0.08482417994914421,0.0362964382399281,0.6737500000000001,1.5443651654996793,44.76239728267993,7064.453125,1.5443651654996793,1.544733869406734,1.0
clean,alpha,10.0,-2.0,0.2633472607518795,nan,-0.11017091775819769,-0.18271821673032074,0.527878892258266,0.2513035409980073,0.08341521135969113,0.0362964382399281,0.6737500000000001,1.5726440828558927,45.194730131961286,7083.984375,1.5726440828558927,1.5719462188788416,1.0
clean,alpha,10.0,-1.75,0.2890480198123588,nan,-0.11023552378715011,-0.17680064803503218,0.5041637739980285,0.3027477989386083,0.08200817135976333,0.0362964382399281,0.6737500000000001,1.5989661825363282,45.630337672916724,7103.515625,1.5989661825363282,1.5992952329424412,1.0
clean,alpha,10.0,-1.5,0.3141259294179593,nan,-0.10947243756875427,-0.16919064953941582,0.4710888780075905,0.35755970519992236,0.08026680079789822,0.0362964382399281,0.6737500000000001,1.618961822245339,45.98119006520257,7119.140625,1.618961822245339,1.6212729121443852,1.0
clean,alpha,10.0,-1.25,0.338849235404135,nan,-0.10780628704123697,-0.15965746571457667,0.4327019609354094,0.4160581344582989,0.07819344050765396,0.0362964382399281,0.6737500000000001,1.6369999741412906,46.24571402933765,7130.859375,1.6369999741412906,1.6378136458500683,1.0
clean,alpha,10.0,-1.0,0.36365140291590636,nan,-0.10601680426904553,-0.14983161142495477,0.4081256934254544,0.47919417710966933,0.07618223199974393,0.0362964382399281,0.6737500000000001,1.6735485407747959,46.77833450613373,7154.296875,1.6735485407747959,1.6710430007335544,1.0
clean,alpha,10.0,-0.75,0.3901512550044769,nan,-0.10518041045418713,-0.14172336308766,0.3986843857881119,0.5515780992458389,0.07461876417047228,0.0362964382399281,0.6737500000000001,1.734927687444351,47.767240806461814,7197.265625,1.734927687444351,1.7324761259611527,1.0
clean,alpha,10.0,-0.5,0.41743778663119063,nan,-0.10481185917160943,-0.13446924018309378,0.39454571042010467,0.6314289873907059,0.07329369544152824,0.0362964382399281,0.6737500000000001,1.809314831492267,49.049309079373096,7251.953125,1.809314831492267,1.8116247107470305,1.0
clean,alpha,10.0,-0.25,0.4447807356387311,nan,-0.10469925774387197,-0.12777059058778723,0.3931930090515029,0.7168576678231662,0.07213190615184308,0.0362964382399281,0.6737500000000001,1.89222902126644,50.35791450265738,7306.640625,1.89222902126644,1.8918516620596022,1.0
clean,alpha,10.0,0.0,0.4715476732008721,nan,-0.10465573452244822,-0.12136129204562496,0.39295496886303255,0.8057349640816159,0.07107586397622727,0.0362964382399281,0.6737500000000001,1.9798122351608038,51.78976065109555,7365.234375,1.9798122351608038,1.97900829774496,1.0
clean,alpha,10.0,0.25,0.4978113372822295,nan,-0.10457550097852308,-0.11498910434860644,0.3937163078067593,0.8979880630663025,0.070079802034135,0.0362964382399281,0.6737500000000001,2.0718306111471247,53.35139024172421,7427.734375,2.0718306111471247,2.0733457295402555,1.0
clean,alpha,10.0,0.5,0.5242760079814421,nan,-0.10450447295629,-0.10858996901304571,0.39536436125533064,0.9960037308286417,0.06913357816548402,0.0362964382399281,0.6737500000000001,2.1705481084893847,54.94886872605778,7490.234375,2.1705481084893847,2.1691009406665067,1.0
clean,alpha,10.0,0.75,0.5510884960049914,nan,-0.10446166515598453,-0.10217151790651187,0.3976330842473368,1.100483886250109,0.0682389080249695,0.0362964382399281,0.6737500000000001,2.2764023167623435,56.78941103525387,7560.546875,2.2764023167623435,2.2785243139715488,1.0
clean,alpha,10.0,1.0,0.5782969588834055,nan,-0.10445237741582339,-0.09573417123883143,0.4003875166574148,1.2118331103101911,0.0673963367897521,0.0362964382399281,0.6737500000000001,2.389663401997286,58.6764673455465,7630.859375,2.389663401997286,2.389750831392755,1.0
clean,alpha,10.0,1.25,0.6058898081544425,nan,-0.104474020602989,-0.08927490833566426,0.40350457878929613,1.3302347589559795,0.06660599043253551,0.0362964382399281,0.6737500000000001,2.5103917664177393,60.71949307165211,7705.078125,2.5103917664177393,2.5091178699490877,1.0
clean,alpha,10.0,1.5,0.6338207517314416,nan,-0.10451085919274648,-0.0827696785931507,0.40694020591142527,1.4557067834655826,0.06586579721070264,0.0362964382399281,0.6737500000000001,2.6385592248276386,62.927553684986144,7783.203125,2.6385592248276386,2.636949278339063,1.0
clean,alpha,10.0,1.75,0.6618747021623691,nan,-0.10453976177293206,-0.07621780392286417,0.4105433920059119,1.587422608851959,0.06517687535012398,0.0362964382399281,0.6737500000000001,2.7731893144479227,65.3103978600007,7865.234375,2.7731893144479227,2.773587432337472,1.0
clean,alpha,10.0,2.0,0.6899822037727258,nan,-0.10455065743656956,-0.06961328456774962,0.4142798900376168,1.7251099348271277,0.06453988509762842,0.0362964382399281,0.6737500000000001,2.913976148202301,67.76014971166299,7947.265625,2.913976148202301,2.91270671143728,1.0
clean,alpha,10.0,2.25,0.7180793120890934,nan,-0.10453442943299664,-0.06295094138803636,0.41811725868242183,1.8684687001376699,0.06395577489531659,0.0362964382399281,0.6737500000000001,3.0605881719553367,70.39938159444053,8033.203125,3.0605881719553367,3.0611196225912,1.0
clean,alpha,10.0,2.5,0.7460824348008782,nan,-0.10447506605364994,-0.056214906734334796,0.42202833457359046,2.0170405453164055,0.06342489341788093,0.0362964382399281,0.6737500000000001,3.2125402115478052,73.11423976314347,8119.140625,3.2125402115478052,3.212271495496919,1.0
clean,alpha,10.0,2.75,0.7739093226493418,nan,-0.1043606723018152,-0.04939814448402589,0.4259738225662123,2.170306914035792,0.06294875065348474,0.0362964382399281,0.6737500000000001,3.369275925495417,75.90585209193442,8205.078125,3.369275925495417,3.366170385174572,1.0
clean,alpha,10.0,3.0,0.8015498622327311,nan,-0.10419490700499177,-0.04251117047370119,0.42994706326695314,2.3281024346895003,0.06253012154272415,0.0362964382399281,0.6737500000000001,3.5306260577391058,78.90765047574476,8294.921875,3.5306260577391058,3.5300105104459236,1.0
clean,alpha,10.0,3.25,0.8289810254899612,nan,-0.10397433725958678,-0.03555178683693162,0.4339733256037965,2.490176771233905,0.06217082153249298,0.0362964382399281,0.6737500000000001,3.6963673566101223,81.99587219194792,8384.765625,3.6963673566101223,3.6968708713122496,1.0
clean,alpha,10.0,3.5,0.856183682754595,nan,-0.10369606633409727,-0.028518067825201478,0.43809271723744503,2.656286352107125,0.061872777654485955,0.0362964382399281,0.6737500000000001,3.866298285238984,85.17181770061634,8474.609375,3.866298285238984,3.866760475545912,1.0
clean,alpha,10.0,3.75,0.8830654220160382,nan,-0.10333919283116193,-0.0213853597877801,0.44250239784628087,2.8257045860528724,0.061637366912845375,0.0362964382399281,0.6737500000000001,4.039890789051927,88.4367913922249,8564.453125,4.039890789051927,4.039688266618471,1.0
clean,alpha,10.0,4.0,0.9096950758501365,nan,-0.1029230108607809,-0.014180305474582579,0.44735358320600555,2.998697690608713,0.06146789034995827,0.0362964382399281,0.6737500000000001,4.217565602404605,91.79210156175401,8654.296875,4.217565602404605,4.215663124949059,1.0
clean,alpha,10.0,4.25,0.9361007041285684,nan,-0.10245750871185122,-0.0069184836247860055,0.45276016457085067,3.1753100740035483,0.06136655882619214,0.0362964382399281,0.6737500000000001,4.399483235640519,95.39102746505932,8748.046875,4.399483235640519,4.402547270714766,1.0
clean,alpha,10.0,4.5,0.9622978617363771,nan,-0.10195041515620291,0.0003865990674713697,0.4588288285118497,3.3555216013432223,0.06133500114467391,0.0362964382399281,0.6737500000000001,4.585731869239674,98.93502282131215,8837.890625,4.585731869239674,4.5847761017156525,1.0
clean,alpha,10.0,4.75,0.988291223576557,nan,-0.10140988537127933,0.007717922457967084,0.46572373408546164,3.5392470174178268,0.06137429740380872,0.0362964382399281,0.6737500000000001,4.776391487147025,102.7337092916563,8931.640625,4.776391487147025,4.778205143092642,1.0
clean,alpha,10.0,5.0,1.014078280684604,nan,-0.10085143194454876,0.015040422365139187,0.4736459487960762,3.726352710437506,0.061484512605608145,0.0362964382399281,0.6737500000000001,4.971529610079118,106.63662400361885,9025.390625,4.971529610079118,4.974990805470879,1.0
clean,alpha,10.0,5.25,1.0397127684769196,nan,-0.10029077684434931,0.02233183370800498,0.4823298882151424,3.917127902005308,0.06166473234919251,0.0362964382399281,0.6737500000000001,5.171168960809571,110.64527564657907,9119.140625,5.171168960809571,5.175142833114111,1.0
clean,alpha,10.0,5.5,1.0651767602063698,nan,-0.09973098927295249,0.029581108270540727,0.4917668785661014,4.11134917198354,0.06191362475311814,0.0362964382399281,0.6737500000000001,5.375076113542688,114.76117736067174,9212.890625,5.375076113542688,5.378670903575898,1.0
clean,alpha,10.0,5.75,1.0904393034120323,nan,-0.09917226409138509,0.03678051335454798,0.5019768533905201,4.308677519037378,0.06222960144821385,0.0362964382399281,0.6737500000000001,5.58293041211604,118.98584670800248,9306.640625,5.58293041211604,5.585584628914799,1.0
clean,alpha,10.0,6.0,1.1153496224733581,nan,-0.09860387992582073,0.04391831611405234,0.5133199624386107,4.507783469550728,0.06261055605534672,0.0362964382399281,0.6737500000000001,5.793760426284614,123.32080564429441,9400.390625,5.793760426284614,5.795893556870303,1.0
clean,alpha,10.0,6.25,1.1397286589076994,nan,-0.09798695420142065,0.051038694176711155,0.5264344872044054,4.706997148639176,0.06305772490034842,0.0362964382399281,0.6737500000000001,6.006535798983858,127.7675804909546,9494.140625,6.006535798983858,6.009607172001356,1.0
clean,alpha,10.0,6.5,1.1634379971871065,nan,-0.09727328611980754,0.058216117401944274,0.5421823325915356,4.904869809981663,0.06357634647567331,0.0362964382399281,0.6737500000000001,6.2206749272888,132.13541386224853,9583.984375,6.2206749272888,6.217619622396731,1.0
clean,alpha,10.0,6.75,1.1862815083829512,nan,-0.09641304480682027,0.06551506720796185,0.56159770239378,5.099369931978259,0.06417363063918108,0.0362964382399281,0.6737500000000001,6.435187703251149,136.80559938649725,9677.734375,6.435187703251149,6.438027987564116,1.0
clean,alpha,10.0,7.0,1.2080450221523111,nan,-0.09535278525456953,0.07300380163950695,0.5858099506889167,5.288192278219727,0.06485968545638181,0.0362964382399281,0.6737500000000001,6.648908352604954,141.39035904022384,9767.578125,6.648908352604954,6.652473391774657,1.0
clean,alpha,10.0,7.25,1.2277708338538729,nan,-0.09398899756822443,0.08068648285630299,0.6172461736003902,5.4623009224529255,0.06564059490847395,0.0362964382399281,0.6737500000000001,6.855234129201718,145.67092337563832,9849.609375,6.855234129201718,6.851031331757369,1.0
clean,alpha,10.0,7.5,1.245568312696312,nan,-0.09244641793287546,0.08831171191105777,0.652910731169411,5.621809173815636,0.06649286335816645,0.0362964382399281,0.6737500000000001,7.051259206583142,150.04274192425086,9931.640625,7.051259206583142,7.052230136011868,1.0
clean,alpha,10.0,7.75,1.2612423056531754,nan,-0.09071876910273798,0.09584741435506217,0.6932020204517988,5.764186938507419,0.06741068530709765,0.0362964382399281,0.6737500000000001,7.234846082506244,154.07769530031888,10005.859375,7.234846082506244,7.2365478349126,1.0
clean,alpha,10.0,8.0,1.274723669891578,nan,-0.08880482881846066,0.1032800000268239,0.7386370283034988,5.88807180650369,0.06838952693437285,0.0362964382399281,0.6737500000000001,7.40514479998149,157.75258758057842,10072.265625,7.40514479998149,7.40330404922004,1.0
clean,alpha,10.0,8.25,1.2858825685046138,nan,-0.086687131226022,0.11061766192273466,0.790980070501628,5.991611083574608,0.06942754565465276,0.0362964382399281,0.6737500000000001,7.5620651379708175,161.26761967253987,10134.765625,7.5620651379708175,7.561841849539194,1.0
clean,alpha,10.0,8.5,1.295517361108679,nan,-0.08446678804201986,0.1178239880476036,0.8485570992829289,6.081734710658442,0.07051630188347374,0.0362964382399281,0.6737500000000001,7.710854550064773,164.6129732508159,10193.359375,7.710854550064773,7.711874430545647,1.0
clean,alpha,10.0,8.75,1.3045142082669576,nan,-0.0822199367844501,0.12493877126162811,0.9081345408456075,6.166498421476293,0.07165861506655735,0.0362964382399281,0.6737500000000001,7.856338015628386,167.77931302178357,10248.046875,7.856338015628386,7.853132146205034,1.0
clean,alpha,10.0,9.0,1.313061165149912,nan,-0.07996413742617198,0.13196733931788454,0.9689761697058519,6.2475668410546215,0.07285283066788527,0.0362964382399281,0.6737500000000001,7.999442279668286,170.98846310385545,10302.734375,7.999442279668286,7.995576666254475,1.0
clean,alpha,10.0,9.25,1.3212475124953456,nan,-0.07770894874665406,0.13890950596587942,1.0307420291783014,6.325711235055506,0.07409650986390301,0.0362964382399281,0.6737500000000001,8.140596212337638,174.2407347073988,10357.421875,8.140596212337638,8.139209760688912,1.0
clean,alpha,10.0,9.5,1.3288775113943279,nan,-0.07546497477075632,0.14569554458158476,1.0944323419369673,6.398982187281283,0.07537383183159715,0.0362964382399281,0.6737500000000001,8.278834799289776,177.2995849911003,10408.203125,8.278834799289776,8.273649149449307,1.0
clean,alpha,10.0,9.75,1.3360036410135387,nan,-0.07324751586797862,0.1523038307044238,1.1605843713021142,6.4677955150014,0.0766762356002476,0.0362964382399281,0.6737500000000001,8.41510256014369,180.63590013164944,10462.890625,8.41510256014369,8.419579470267186,1.0
clean,alpha,10.0,10.0,1.3427345793869065,nan,-0.07107046356133172,0.1587291243080962,1.2292911654691927,6.533130664016084,0.07799795978262629,0.0362964382399281,0.6737500000000001,8.550466227507831,183.53063574057163,10509.765625,8.550466227507831,8.54561264208675,1.0
clean,alpha,10.0,10.25,1.349160138600269,nan,-0.06894835743769766,0.16496029597129053,1.3006829971929763,6.595807923324505,0.0793319101550414,0.0362964382399281,0.6737500000000001,8.685869268912452,186.70333708829526,10560.546875,8.685869268912452,8.683139547642494,1.0
clean,alpha,10.0,10.5,1.3553986257808799,nan,-0.06690182132890032,0.1709794158309479,1.3749362662265936,6.656946694636069,0.08066923153826012,0.0362964382399281,0.6737500000000001,8.822598630640853,189.91449025309893,10611.328125,8.822598630640853,8.821698419766173,1.0
clean,alpha,10.0,10.75,1.3616781055119784,nan,-0.06497476032232895,0.17674270245247697,1.452485696099977,6.718772041784652,0.08199462244661915,0.0362964382399281,0.6737500000000001,8.963298798571175,193.1643465450218,10662.109375,8.963298798571175,8.961290648287232,1.0
clean,alpha,10.0,11.0,1.3681293994530574,nan,-0.06314684191066824,0.18232619159155058,1.5322796720961354,6.782586612342027,0.08332056562003752,0.0362964382399281,0.6737500000000001,9.108233288298127,196.70776382275722,10716.796875,9.108233288298127,9.112777976723102,1.0
clean,alpha,10.0,11.25,1.3747856443201911,nan,-0.06141893211427199,0.18773577355161625,1.6142222906128754,6.848744654433632,0.08464454008114335,0.0362964382399281,0.6737500000000001,9.257657923367578,200.03880803490608,10767.578125,9.257657923367578,9.25452082906274,1.0
clean,alpha,10.0,11.5,1.3816526181543687,nan,-0.059790554479270584,0.19297386978515924,1.6982660977952222,6.917333684233293,0.08596343077087552,0.0362964382399281,0.6737500000000001,9.41160965103932,203.67024423211316,10822.265625,9.41160965103932,9.40832741641836,1.0
clean,alpha,10.0,11.75,1.3886981123288706,nan,-0.0582781358450972,0.19799638021670465,1.784934444969803,6.988061005912454,0.08726212231073537,0.0362964382399281,0.6737500000000001,9.570304011432919,207.61223555366573,10880.859375,9.570304011432919,9.574457515656857,1.0
clean,alpha,10.0,12.0,1.3957000039203993,nan,-0.05687496756069618,0.20276582863269357,1.8746337077698807,7.05870702772702,0.08852626579229166,0.0362964382399281,0.6737500000000001,9.73191343952912,211.33951836648646,10935.546875,9.73191343952912,9.730762257981803,1.0
clean,alpha,10.0,12.25,1.4024446119860763,nan,-0.05556627879825785,0.20726464571510478,1.9675123134799695,7.12709313311907,0.08974625481539698,0.0362964382399281,0.6737500000000001,9.894398139654365,215.38492970050837,10994.140625,9.894398139654365,9.899572871150731,1.0
clean,alpha,10.0,12.5,1.4087263559509173,nan,-0.05435654516889881,0.21143440255307294,2.0642094641176585,7.191082599367831,0.09090091490601448,0.0362964382399281,0.6737500000000001,10.056239416631431,215.7924379585593,11000.0,10.056239416631431,9.916530322600636,0.0
clean,alpha,10.0,12.75,1.4143200560223508,nan,-0.05325209321428553,0.21520793486814901,2.1654633610906524,7.248303961500204,0.09196567919134505,0.0362964382399281,0.6737500000000001,10.21577944002213,215.7924379585593,11000.0,10.21577944002213,9.916530322600636,0.0
clean,alpha,10.0,13.0,1.418399929365615,nan,-0.05231381547802883,0.21825517717242152,2.275043763104253,7.290182481477287,0.09283925497316102,0.0362964382399281,0.6737500000000001,10.368111937794628,215.7924379585593,11000.0,10.368111937794628,9.916530322600636,0.0
clean,alpha,10.0,13.25,1.4207905691618905,nan,-0.05152852627076605,0.22056406398866316,2.3931857455859573,7.314777642780986,0.09350933975977764,0.0362964382399281,0.6737500000000001,10.511519166366648,215.7924379585593,11000.0,10.511519166366648,9.916530322600636,0.0
clean,alpha,10.0,13.5,1.4211747705750941,nan,-0.050914151215857004,0.22201995252995152,2.521367947642343,7.318734211675935,0.09393549251987535,0.0362964382399281,0.6737500000000001,10.644084090078081,215.7924379585593,11000.0,10.644084090078081,9.916530322600636,0.0
clean,alpha,10.0,13.75,1.4192154843691673,nan,-0.05049569950924462,0.22248777870441075,2.6613359497668023,7.2985683449679355,0.094073025004047,0.0362964382399281,0.6737500000000001,10.764023757978713,215.7924379585593,11000.0,10.764023757978713,9.916530322600636,0.0
clean,alpha,10.0,14.0,1.4142094977398176,nan,-0.050336106509115436,0.22166184372810846,2.816977433344371,7.247170796892318,0.09383041058569536,0.0362964382399281,0.6737500000000001,10.868025079062313,215.7924379585593,11000.0,10.868025079062313,9.916530322600636,0.0
clean,alpha,10.0,14.25,1.4053167176922066,nan,-0.05056340038896325,0.21905951671393725,2.9943775696086012,7.156314572573836,0.09307188991218747,0.0362964382399281,0.6737500000000001,10.953810470334552,215.7924379585593,11000.0,10.953810470334552,9.916530322600636,0.0
clean,alpha,10.0,14.5,1.3932685267792004,nan,-0.0511998693361927,0.21480375385275455,3.1917896287618954,7.034134218874117,0.09185073219601911,0.0362964382399281,0.6737500000000001,11.02782101807196,215.7924379585593,11000.0,11.02782101807196,9.916530322600636,0.0
clean,alpha,10.0,14.75,1.3780602382893579,nan,-0.05234992793834496,0.20866141701070656,3.4118001594345007,6.881409480744701,0.09013047739935626,0.0362964382399281,0.6737500000000001,11.093386555818485,215.7924379585593,11000.0,11.093386555818485,9.916530322600636,0.0
clean,alpha,10.0,15.0,1.3596488059838396,nan,-0.054135877547991804,0.20035057309587656,3.6578703845752796,6.698761084346352,0.08788234120671556,0.0362964382399281,0.6737500000000001,11.154560248368275,215.7924379585593,11000.0,11.154560248368275,9.916530322600636,0.0
clean,alpha,10.0,15.25,1.3367186141885907,nan,-0.05702630271713358,0.18851965299754925,3.94874554567986,6.474719953706264,0.08483960245322654,0.0362964382399281,0.6737500000000001,11.21835154007928,215.7924379585593,11000.0,11.21835154007928,9.916530322600636,0.0
clean,alpha,10.0,15.5,1.3081335272269898,nan,-0.061272084061131334,0.17234320268136022,4.303739006115065,6.200763261842128,0.0809788952869095,0.0362964382399281,0.6737500000000001,11.29552760148403,215.7924379585593,11000.0,11.29552760148403,9.916530322600636,0.0
clean,alpha,10.0,15.75,1.2730791626466145,nan,-0.06693949806374672,0.15148188093485665,4.734162363583674,5.872889330455993,0.07651109491845977,0.0362964382399281,0.6737500000000001,11.393609227198056,215.7924379585593,11000.0,11.393609227198056,9.916530322600636,0.0
clean,alpha,10.0,16.0,1.2314475280200625,nan,-0.07411753443068213,0.12571246410129475,5.247639305092968,5.495064822793761,0.0717868717126605,0.0362964382399281,0.6737500000000001,11.524537437839317,215.7924379585593,11000.0,11.524537437839317,9.916530322600636,0.0
clean,alpha,10.0,16.25,1.183799087304663,nan,-0.08287660942167369,0.09501064832006004,5.848729641033545,5.07805030693832,0.06730506291314162,0.0362964382399281,0.6737500000000001,11.704131449124937,215.7924379585593,11000.0,11.704131449124937,9.916530322600636,0.0
clean,alpha,10.0,16.5,1.1376119398359663,nan,-0.09317438253180624,0.06123412115712724,6.510645395351346,4.68952959004585,0.06381476953109448,0.0362964382399281,0.6737500000000001,11.974036193168217,215.7924379585593,11000.0,11.974036193168217,9.916530322600636,0.0
clean,alpha,10.0,16.75,1.0995135877076234,nan,-0.10380957621217632,0.02861538998624246,7.155992098192482,4.380686746480423,0.06187645507847615,0.0362964382399281,0.6737500000000001,12.30860173799131,215.7924379585593,11000.0,12.30860173799131,9.916530322600636,0.0
clean,alpha,10.0,17.0,1.0700813948182317,nan,-0.11428683390880477,-0.001608588224979037,7.765037723544743,4.149297971795106,0.06133661361776009,0.0362964382399281,0.6737500000000001,12.685718747197537,215.7924379585593,11000.0,12.685718747197537,9.916530322600636,0.0
clean,alpha,10.0,17.25,1.0488238752877892,nan,-0.12420786024595956,-0.028668620575266097,8.326406757591627,3.9860810716757262,0.06187847175452309,0.0362964382399281,0.6737500000000001,13.084412739261806,215.7924379585593,11000.0,13.084412739261806,9.916530322600636,0.0
clean,alpha,10.0,17.5,1.0337940021230239,nan,-0.13316359788412488,-0.05211486614873829,8.836821523749359,3.872656824573437,0.06313114371206269,0.0362964382399281,0.6737500000000001,13.482655930274788,215.7924379585593,11000.0,13.482655930274788,9.916530322600636,0.0
clean,alpha,10.0,17.75,1.021687952269316,nan,-0.14125661498665354,-0.07295441164924509,9.303483326517506,3.7824878514519016,0.06485491775626526,0.0362964382399281,0.6737500000000001,13.860872533965603,215.7924379585593,11000.0,13.860872533965603,9.916530322600636,0.0
clean,alpha,10.0,18.0,1.0112755729226846,nan,-0.14883065684462235,-0.09224124996364223,9.732612778046594,3.7057834003979986,0.06696209529986448,0.0362964382399281,0.6737500000000001,14.215404711984384,215.7924379585593,11000.0,14.215404711984384,9.916530322600636,0.0
flaps_down,velocity,3.5,13.063829787234045,1.5620692670427079,9.335776759683466,-0.29177238771758085,-0.29646392488381185,21.007728048244743,1.0831227103634073,0.014634201913073233,0.004446313684391192,0.08253437500000001,22.192465649205616,449.23883620552095,13016.11328125,22.192465649205616,22.19971686662905,1.0
flaps_down,velocity,3.75,13.063829787234045,1.5620692670427079,8.132498866213151,-0.29177238771758085,-0.29646392488381185,24.116014341097284,1.2433806624069728,0.016799466481844272,0.005104186627489888,0.09474609375,25.476044750363595,545.9151437415707,13826.66015625,25.476044750363595,25.48626630640011,1.0
flaps_down,velocity,4.0,13.063829787234045,1.5620692670427079,7.147704081632652,-0.29177238771758085,-0.29646392488381185,27.438665205870688,1.4146908870052668,0.019114059641565036,0.005807430118388495,0.1078,28.98607758263591,566.9051556480717,14000.0,28.98607758263591,26.080022661014116,0.0
flaps_down,velocity,4.25,13.063829787234045,1.5620692670427079,6.331530259162488,-0.29177238771758085,-0.29646392488381185,30.975680642564953,1.5970533841582895,0.021577981392235532,0.006556044157087012,0.12169609375,32.72256414602256,564.991164961977,14000.0,32.72256414602256,25.89419494729478,0.0
flaps_down,velocity,4.5,13.063829787234045,1.5620692670427079,5.647568657092466,-0.29177238771758085,-0.29646392488381185,34.72706065118008,1.7904681538660405,0.02419123173385575,0.0073500287435854395,0.136434375,36.68550444052357,563.0088767634728,14000.0,36.68550444052357,25.703404902995658,0.0
flaps_down,velocity,4.75,13.063829787234045,1.5620692670427079,5.068731980326756,-0.29177238771758085,-0.29646392488381185,38.692805231716086,1.9949351961285207,0.026953810666425698,0.008189383877883778,0.15201484375,40.87489846613892,560.9598386564634,14000.0,40.87489846613892,25.507805414338126,0.0
flaps_down,velocity,5.0,13.063829787234045,1.5620692670427079,4.574530612244898,-0.29177238771758085,-0.29646392488381185,42.872914384172944,2.210454510945729,0.02986571818994537,0.009074109559982025,0.16843750000000002,45.290746222868606,558.8454787767071,14000.0,45.290746222868606,25.307536441393953,0.0
flaps_down,velocity,5.25,13.063829787234045,1.5620692670427079,4.149234115414873,-0.29177238771758085,-0.29646392488381185,47.26738810855067,2.4370260983176664,0.03292695430441477,0.01000420578988018,0.18570234375,49.933047710712636,556.6671202707008,14000.0,49.933047710712636,25.102726681861512,0.0
flaps_down,velocity,5.5,13.063829787234045,1.5620692670427079,3.780603811772642,-0.29177238771758085,-0.29646392488381185,51.87622640484927,2.674649958244333,0.036137519009833904,0.01097967256757825,0.20380937500000001,54.80180292967101,554.4259933933605,14000.0,54.80180292967101,24.893494950099097,0.0
flaps_down,velocity,5.75,13.063829787234045,1.5620692670427079,3.45900235330427,-0.29177238771758085,-0.29646392488381185,56.69942927306872,2.9233260907257272,0.03949741230620276,0.012000509893076229,0.22275859375,59.89701187974374,552.1232457085579,14000.0,59.89701187974374,24.67995133106246,0.0
flaps_down,velocity,6.0,13.063829787234045,1.5620692670427079,3.1767573696145126,-0.29177238771758085,-0.29646392488381185,61.73699671320904,3.18305449576185,0.04300663419352134,0.013066717766374112,0.24255,65.21867456093078,549.7599507610774,14000.0,65.21867456093078,24.462198154216537,0.0
flaps_down,velocity,6.25,13.063829787234045,1.5620692670427079,2.9276995918367343,-0.29177238771758085,-0.29646392488381185,66.98892872527023,3.453835173352702,0.04666518467178964,0.014178296187471911,0.26318359375,70.76679097323219,547.3371155043642,14000.0,70.76679097323219,24.24033082194301,0.0
flaps_down,velocity,6.5,13.063829787234045,1.5620692670427079,2.7068228474821883,-0.29177238771758085,-0.29646392488381185,72.45522530925227,3.7356681234982823,0.05047306374100768,0.01533524515636962,0.284659375,76.54136111664793,544.8556867060975,14000.0,76.54136111664793,24.014438519213446,0.0
flaps_down,velocity,6.75,13.063829787234045,1.5620692670427079,2.510030514263318,-0.29177238771758085,-0.29646392488381185,78.13588646515521,4.028553346198592,0.05443027140117544,0.01653756467306724,0.30697734375,82.54238499117805,542.3165565068837,14000.0,82.54238499117805,23.78460482552148,0.0
flaps_down,velocity,7.0,13.063829787234045,1.5620692670427079,2.3339441899208664,-0.29177238771758085,-0.29646392488381185,84.03091219297897,4.332490841453629,0.05853680765229293,0.017785254737564767,0.33013750000000003,88.76986259682246,539.7205672718266,14000.0,88.76986259682246,23.550908245707287,0.0
flaps_down,velocity,7.25,13.063829787234045,1.5620692670427079,2.1757577228275373,-0.29177238771758085,-0.29646392488381185,90.14030249272362,4.647480609263396,0.06279267249436014,0.019078315349862207,0.35413984375,95.22379393358123,537.0685158474456,14000.0,95.22379393358123,23.313422672977836,0.0
flaps_down,velocity,7.5,13.063829787234045,1.5620692670427079,2.0331247165532877,-0.29177238771758085,-0.29646392488381185,96.46405736438913,4.973522649627891,0.06719786592737709,0.020416746509959553,0.378984375,101.90417900145438,534.3611573152099,14000.0,101.90417900145438,23.072217794856602,0.0
flaps_down,velocity,7.75,13.063829787234045,1.5620692670427079,1.9040710144619761,-0.29177238771758085,-0.29646392488381185,103.0021768079755,5.3106169625471145,0.07175238795134377,0.021800548217856812,0.40467109375000004,108.81101780044182,531.5992083163401,14000.0,108.81101780044182,22.827359450792436,0.0
flaps_down,velocity,8.0,13.063829787234045,1.5620692670427079,1.786926020408163,-0.29177238771758085,-0.29646392488381185,109.75466082348275,5.658763548021067,0.07645623856626015,0.02322972047355398,0.4312,115.94431033054364,528.7833500093798,14000.0,115.94431033054364,22.578909948580907,0.0
flaps_down,velocity,8.25,13.063829787234045,1.5620692670427079,1.6802683607878413,-0.29177238771758085,-0.29646392488381185,116.72150941091084,6.017962406049748,0.08130941777212627,0.02470426327705106,0.45857109375,123.30405659175976,525.9142307115469,14000.0,123.30405659175976,22.326928345500384,0.0
flaps_down,velocity,8.5,13.063829787234045,1.5620692670427079,1.582882564790622,-0.29177238771758085,-0.29646392488381185,123.90272257025981,6.388213536633158,0.08631192556894213,0.02622417662834805,0.486784375,130.89025658409025,522.9924682664426,14000.0,130.89025658409025,22.07147069906464,0.0
flaps_down,velocity,8.75,6.360359612826268,1.4937242815493543,1.4937242815493543,-0.25965302696889914,-0.2379550832898698,126.74054236134388,6.190104561801599,0.0756308442536383,0.027789460527444947,0.5158398437499999,133.54990707167659,520.0186521738669,14000.0,133.54990707167659,21.81259029148712,0.0
flaps_down,velocity,9.0,2.317645576712866,1.4118921642731166,1.4118921642731166,-0.23309975133733782,-0.1959107762485231,124.08316403190169,5.850986179172036,0.07024221824290995,0.029400114974341758,0.5457375,130.57953004429098,516.9933455119192,14000.0,130.57953004429098,21.550337831298144,0.0
flaps_down,velocity,9.25,-0.5694237727692717,1.336604999925463,1.336604999925463,-0.21009504413650865,-0.16058173270282805,122.2047174886856,5.538990568449202,0.06707175560680993,0.031056139969038478,0.57647734375,128.41831329646067,513.917086676993,14000.0,128.41831329646067,21.28476163502192,0.0
flaps_down,velocity,9.5,-2.8763526864168703,1.267182995081689,1.267182995081689,-0.1894815303418422,-0.12941446189369546,120.7614859194434,5.251300615101772,0.0653513946583588,0.03275753551153511,0.608059375,126.71895483971507,510.7903909635065,14000.0,126.71895483971507,21.015907791380798,0.0
flaps_down,velocity,9.75,-4.863272735758869,1.2030323766587503,1.2030323766587503,-0.17045578173076373,-0.10066681066294916,119.08932931137267,4.985455679294516,0.06467772177538544,0.03450430160183165,0.64048359375,124.8144506077944,507.61375200207544,14000.0,124.8144506077944,20.743820310132037,0.0
flaps_down,velocity,10.0,-6.706931522760958,1.1436326530612244,1.1436326530612244,-0.15217667642840665,-0.07248963579674367,116.29788059300937,4.73929880512935,0.0648102101971187,0.0362964382399281,0.6737500000000001,121.81203604657577,504.38764307222283,14000.0,121.81203604657577,20.468541257340295,0.0
flaps_down,velocity,10.25,-8.0,1.1045088881144784,1.088526023139773,-0.1392873174505341,-0.05193117887979677,114.70152792055706,4.644373712633077,0.06631387799270583,0.03813394542582446,0.70785859375,120.15820805035868,501.1125183035351,14000.0,120.15820805035868,20.190110878637544,0.0
flaps_down,velocity,10.5,-8.0,1.1045088881144784,1.0373085288537183,-0.1392873174505341,-0.05193117887979677,120.3649585079492,4.873691391484084,0.06958815037426118,0.04001682315952072,0.742809375,126.09106424796705,497.7888137773203,14000.0,126.09106424796705,19.90856771181068,0.0
flaps_down,velocity,10.75,-8.0,1.1045088881144784,0.9896226310967869,-0.1392873174505341,-0.05193117887979677,126.16485730226648,5.108534797536322,0.07294132088549259,0.041945071441016904,0.77860234375,132.1668808358793,494.4169485392651,14000.0,132.1668808358793,19.623948689879004,0.0
flaps_down,velocity,11.0,-8.0,1.1045088881144784,0.9451509529431605,-0.1392873174505341,-0.05193117887979677,132.1012243035089,5.348903930789789,0.07637338952640005,0.043918690270313,0.8152375000000001,138.3856578140954,490.9973255322646,14000.0,138.3856578140954,19.336289235672933,0.0
flaps_down,velocity,11.25,-8.0,1.1045088881144784,0.9036109851347945,-0.1392873174505341,-0.05193117887979677,138.1740595116764,5.594798791244484,0.0798843562969835,0.04593767964740899,0.85271484375,144.74739518261526,487.53033245745127,14000.0,144.74739518261526,19.04562334879675,0.0
flaps_down,velocity,11.5,-8.0,1.1045088881144784,0.8647505883260675,-0.1392873174505341,-0.05193117887979677,144.38336292676902,5.846219378900409,0.08347422119724301,0.048002039572304915,0.891034375,151.25209294143897,484.01634257049545,14000.0,151.25209294143897,18.75198368574925,0.0
flaps_down,velocity,11.75,-8.0,1.1045088881144784,0.8283441579438474,-0.1392873174505341,-0.05193117887979677,150.72913454878673,6.103165693757563,0.08714298422717855,0.050111770045000725,0.93019609375,157.89975109056647,480.4557154194016,14000.0,157.89975109056647,18.45540163388161,0.0
flaps_down,velocity,12.0,-8.0,1.1045088881144784,0.7941893424036282,-0.1392873174505341,-0.05193117887979677,157.21137437772958,6.365637735815946,0.09089064538679012,0.05226687106549645,0.9702,164.6903696299978,476.84879752931056,14000.0,164.6903696299978,18.155907379791877,0.0
flaps_down,velocity,12.25,-8.0,1.1045088881144784,0.7621042252802828,-0.1392873174505341,-0.05193117887979677,163.83008241359755,6.633635505075559,0.09471720467607772,0.0544673426337921,1.01104609375,171.62394855973295,473.19592303919256,14000.0,171.62394855973295,17.853529972685184,0.0
flaps_down,velocity,12.5,-8.0,1.1045088881144784,0.7319248979591836,-0.1392873174505341,-0.05193117887979677,170.5852586563906,6.9071590015364,0.09862266209504136,0.056713184749887645,1.052734375,178.70048787977194,469.49741429477217,14000.0,178.70048787977194,17.548297383169093,0.0
flaps_down,velocity,12.75,-8.0,1.1045088881144784,0.7035033621291653,-0.1392873174505341,-0.05193117887979677,177.4769031061088,7.186208225198471,0.10260701764368103,0.059004397413783105,1.09526484375,185.91998759011474,465.75358240155833,14000.0,185.91998759011474,17.240236557900737,0.0
flaps_down,velocity,13.0,-8.0,1.1045088881144784,0.6767057118705471,-0.1392873174505341,-0.05193117887979677,184.50501576275207,7.4707831760617704,0.10667027132199673,0.06134098062547848,1.1386375,193.2824476907613,461.9647277414368,14000.0,193.2824476907613,16.929373470457147,0.0
flaps_down,velocity,13.25,-8.0,1.1045088881144784,0.6514105535414593,-0.1392873174505341,-0.05193117887979677,191.66959662632047,7.760883854126299,0.11081242312998849,0.06372293438497376,1.18285234375,200.78786818171173,458.1311404559215,14000.0,200.78786818171173,16.615733168760176,0.0
flaps_down,velocity,13.5,-8.0,1.1045088881144784,0.6275076285658295,-0.1392873174505341,-0.05193117887979677,198.97064569681402,8.05651025939206,0.11503347306765624,0.06615025869226895,1.227909375,208.436249062966,454.2531008988455,14000.0,208.436249062966,16.299339819352518,0.0
flaps_down,velocity,13.75,-8.0,1.1045088881144784,0.6048966098836228,-0.1392873174505341,-0.05193117887979677,206.40816297423262,8.357662391859044,0.11933342113500006,0.06862295354736406,1.27380859375,216.22759033452402,450.3308800609902,14000.0,216.22759033452402,15.980216748791054,0.0
flaps_down,velocity,14.0,-8.0,1.1045088881144784,0.5834860474802166,-0.1392873174505341,-0.05193117887979677,213.98214845857638,8.66434025152726,0.12371226733201988,0.07114101895025907,1.3205500000000001,224.16189199638592,446.3647399689079,14000.0,224.16189199638592,15.658386482396196,0.0
flaps_down,velocity,14.25,-8.0,1.1045088881144784,0.5631924422585285,-0.1392873174505341,-0.05193117887979677,221.69260214984524,8.976543838396706,0.12817001165871575,0.073704454900954,1.3681335937499999,232.23915404855163,442.35493405996925,14000.0,232.23915404855163,15.333870780572873,0.0
flaps_down,velocity,14.5,-8.0,1.1045088881144784,0.5439394307068843,-0.1392873174505341,-0.05193117887979677,229.5395240480392,9.294273152467381,0.13270665411508767,0.07631326139944883,1.416559375,240.45937649102112,438.3017075354805,14000.0,240.45937649102112,15.006690672896912,0.0
flaps_down,velocity,14.75,-8.0,1.1045088881144784,0.5256570654691063,-0.1392873174505341,-0.05193117887979677,237.52291415315827,9.617528193739284,0.1373221947011356,0.07896743844574357,1.46582734375,248.82255932379442,434.205297693534,14000.0,248.82255932379442,14.676866490142764,0.0
flaps_down,velocity,15.0,-8.0,1.1045088881144784,0.5082811791383219,-0.1392873174505341,-0.05193117887979677,245.64277246520248,9.946308962212417,0.14201663341685955,0.08166698603983821,1.5159375,257.32870254687157,430.06593424311086,14000.0,257.32870254687157,14.344417894411222,0.0
flaps_down,velocity,15.25,-8.0,1.1045088881144784,0.491752820450943,-0.1392873174505341,-0.05193117887979677,253.8990989841718,10.280615457886778,0.14678997026225957,0.08441190418173278,1.56688984375,265.97780616025256,425.88383960081154,14000.0,265.97780616025256,14.00936390750146,0.0
flaps_down,velocity,15.5,-8.0,1.1045088881144784,0.47601775361549403,-0.1392873174505341,-0.05193117887979677,262.2918937100662,10.62044768076237,0.15164220523733563,0.08720219287142725,1.6186843750000002,274.7698701639373,421.6592291714689,14000.0,274.7698701639373,13.671722937658458,0.0
flaps_down,velocity,15.75,-8.0,1.1045088881144784,0.4610260128238748,-0.1392873174505341,-0.05193117887979677,270.82115664288574,10.96580563083919,0.15657333834208767,0.09003785210892164,1.67132109375,283.70489455792597,417.3923116137907,14000.0,283.70489455792597,13.331512804814915,0.0
flaps_down,velocity,16.0,-8.0,1.1045088881144784,0.44673150510204074,-0.1392873174505341,-0.05193117887979677,279.4868877826304,11.316689308117239,0.16158336957651576,0.09291888189421592,1.7248,292.7828793422184,413.08328909207705,14000.0,292.7828793422184,12.98875076443654,0.0
flaps_down,alpha,4.0,-4.0,1.2311673763983124,nan,-0.17883637464245722,-0.11336036517446196,20.655198720393585,0.8788103802740402,0.01117341214133523,0.005807430118388495,0.1078,21.65878994292735,440.5713387512474,12967.28515625,21.65878994292735,21.666588080488843,1.0
flaps_down,alpha,4.0,-3.75,1.2392608216562777,nan,-0.18123315149712582,-0.11697885552357876,20.826678872482034,0.8904026012028737,0.011261609737071758,0.005807430118388495,0.1078,21.841950513540368,445.4954576358984,13011.23046875,21.841950513540368,21.84518593548183,1.0
flaps_down,alpha,4.0,-3.5,1.2473180161193322,nan,-0.18361563362088115,-0.12057276324968703,20.996059710909506,0.9020183459218044,0.011351951040295842,0.005807430118388495,0.1078,22.023037437989995,450.45849510759194,13055.17578125,22.023037437989995,22.02459653379612,1.0
flaps_down,alpha,4.0,-3.25,1.2553223436882286,nan,-0.18597980674493686,-0.1241367921637353,21.163086872178962,0.9136324115969096,0.011444240814049156,0.005807430118388495,0.1078,22.201770954708312,455.46062336313565,13099.12109375,22.201770954708312,22.2048206848662,1.0
flaps_down,alpha,4.0,-3.0,1.2632654098443685,nan,-0.1883249363490691,-0.12767131015494576,21.32800894396565,0.9252310296469405,0.011538421387690552,0.005807430118388495,0.1078,22.37838582511867,460.5020147720857,13143.06640625,22.37838582511867,22.385859196269635,1.0
flaps_down,alpha,4.0,-2.75,1.2711506084268431,nan,-0.1906531436122981,-0.13118046077446444,21.49125720747711,0.9368175097456993,0.011634541569709528,0.005807430118388495,0.1078,22.553316688910904,465.01635272100617,13182.12890625,22.553316688910904,22.54746662944882,1.0
flaps_down,alpha,4.0,-2.5,1.2789737916691053,nan,-0.192963889352857,-0.13466401108590023,21.652914446970552,0.9483841132788637,0.011732538203001902,0.005807430118388495,0.1078,22.726638528570806,470.13237876566046,13226.07421875,22.726638528570806,22.730045573904903,1.0
flaps_down,alpha,4.0,-2.25,1.2867310154829206,nan,-0.19525665310634693,-0.13812172133378187,21.813059414623453,0.9599232678248302,0.011832347657795596,0.005807430118388495,0.1078,22.898422460224467,474.7133326020374,13265.13671875,22.898422460224467,22.893023554491055,1.0
flaps_down,alpha,4.0,-2.0,1.2943916269729292,nan,-0.19752408122102943,-0.14154394303794127,21.971304511442767,0.9713871854884092,0.011933624167442335,0.005807430118388495,0.1078,23.06823275121701,479.90461005220885,13309.08203125,23.06823275121701,23.0771457944293,1.0
flaps_down,alpha,4.0,-1.75,1.3019737142432157,nan,-0.19977152298391526,-0.1449387460417292,22.12820142240399,0.9828005992594648,0.01203653815287183,0.005807430118388495,0.1078,23.23664598993472,484.5527285287214,13348.14453125,23.23664598993472,23.241496861359106,1.0
flaps_down,alpha,4.0,-1.5,1.3094768068272842,nan,-0.20199915213890843,-0.1483066566341533,22.283839352396473,0.9941607236602523,0.012141047034591101,0.005807430118388495,0.1078,23.403748553209706,489.23264406602084,13387.20703125,23.403748553209706,23.40649496200969,1.0
flaps_down,alpha,4.0,-1.25,1.3168984762201064,nan,-0.20420660821658204,-0.15164743306651307,22.438262529883318,1.0054617885056083,0.012247085549211235,0.005807430118388495,0.1078,23.56957883405653,493.9444785198619,13426.26953125,23.56957883405653,23.572140655124784,1.0
flaps_down,alpha,4.0,-1.0,1.3242261996729674,nan,-0.20639107159001008,-0.15495756793612053,22.59137952268232,1.016682462734934,0.012354481116935049,0.005807430118388495,0.1078,23.73402389665258,498.68835385198986,13465.33203125,23.73402389665258,23.7384344983359,1.0
flaps_down,alpha,4.0,-0.75,1.331443782273627,nan,-0.2085489134991974,-0.15823256696149443,22.743078710226847,1.0277953484343763,0.01246301883424669,0.005807430118388495,0.1078,23.89694450761386,503.46439212992624,13504.39453125,23.89694450761386,23.905377048167608,1.0
flaps_down,alpha,4.0,-0.5,1.338572036734782,nan,-0.21068533829687003,-0.16147947860797365,22.893686373239397,1.0388299843682323,0.012572866518239032,0.005807430118388495,0.1078,24.058696654244258,507.669905331288,13538.57421875,24.058696654244258,24.051984358083264,1.0
flaps_down,alpha,4.0,-0.25,1.3456096146350927,nan,-0.212800116013159,-0.16469809848007594,23.04321661607136,1.0497820515332732,0.012683959142351058,0.005807430118388495,0.1078,24.219290056865372,512.5065785100924,13577.63671875,24.219290056865372,24.220144729005114,1.0
flaps_down,alpha,4.0,0.0,1.3525552651434685,nan,-0.21489302884183578,-0.16788822643367293,23.191680588459707,1.0606473682890236,0.01279623177991791,0.005807430118388495,0.1078,24.378731618647038,517.3757661661284,13616.69921875,24.378731618647038,24.388955400437755,1.0
flaps_down,alpha,4.0,0.25,1.3593827472394482,nan,-0.21695793951156406,-0.1710419743866025,23.338805364717444,1.0713823499909272,0.012909341176416565,0.005807430118388495,0.1078,24.536704486003178,521.6630736766313,13650.87890625,24.536704486003178,24.53719862177504,1.0
flaps_down,alpha,4.0,0.5,1.3661042758135353,nan,-0.21899780209306502,-0.17416324295501773,23.48474376755886,1.082003539255291,0.01302335825905958,0.005807430118388495,0.1078,24.693378095191598,525.9754509671942,13685.05859375,24.693378095191598,24.685940521608643,1.0
flaps_down,alpha,4.0,0.75,1.3727302202595295,nan,-0.2210150823543165,-0.1772552446399219,23.629611253910593,1.0925249641548156,0.01313833917445386,0.005807430118388495,0.1078,24.84888198735825,530.9346852644301,13724.12109375,24.84888198735825,24.85654236391552,1.0
flaps_down,alpha,4.0,1.0,1.3792600130173238,nan,-0.2230096484900355,-0.18031781103475192,23.773396479968195,1.1029435138166095,0.01325422004074116,0.005807430118388495,0.1078,25.003201643943935,535.3010603060436,13758.30078125,25.003201643943935,25.006354101184172,1.0
flaps_down,alpha,4.0,1.25,1.3856902873583326,nan,-0.2249806997805902,-0.18334989878764155,23.91605260900239,1.1132515945528336,0.013370903136353196,0.005807430118388495,0.1078,25.15628253680996,539.6927636012372,13792.48046875,25.15628253680996,25.15666567353471,1.0
flaps_down,alpha,4.0,1.5,1.3919889676795338,nan,-0.22692061579254633,-0.18634158695657885,24.057181887996908,1.1233952068708122,0.013487938526482397,0.005807430118388495,0.1078,25.30767246351259,544.1098775180279,13826.66015625,25.30767246351259,25.307477447676916,1.0
flaps_down,alpha,4.0,1.75,1.3981899898006283,nan,-0.2288373784224761,-0.18930318247635664,24.19714357180033,1.1334264861056251,0.013605662395013495,0.005807430118388495,0.1078,25.457783150419353,548.552484485295,13860.83984375,25.457783150419353,25.4587897896999,1.0
flaps_down,alpha,4.0,2.0,1.404293195101261,nan,-0.23073091142624633,-0.19223454555739622,24.335908203907234,1.1433430673567895,0.013724012470077103,0.005807430118388495,0.1078,25.60658271385249,553.0206669926752,13895.01953125,25.60658271385249,25.610603065074663,1.0
flaps_down,alpha,4.0,2.25,1.4102984561172645,nan,-0.23260114322932,-0.19513553961748684,24.473444629956006,1.1531426654321861,0.013842926843892059,0.005807430118388495,0.1078,25.754037652350473,557.5145075904597,13929.19921875,25.754037652350473,25.76291763865661,1.0
flaps_down,alpha,4.0,2.5,1.416188376173002,nan,-0.23444386574070555,-0.1980006073303651,24.609484543495967,1.1627946661767585,0.013962116701805742,0.005807430118388495,0.1078,25.89984875649292,561.3868553242389,13958.49609375,25.89984875649292,25.89387225601032,1.0
flaps_down,alpha,4.0,2.75,1.4219600535405386,nan,-0.23625828805555305,-0.2008286123236045,24.74391615618902,1.1722919218764505,0.014081468392465645,0.005807430118388495,0.1078,26.043896976576324,565.9285658787895,13992.67578125,26.043896976576324,26.04711877787118,1.0
flaps_down,alpha,4.0,3.0,1.4276337322865922,nan,-0.2380491843478604,-0.20362573287067584,24.876958389097435,1.1816655706511365,0.014201181615560372,0.005807430118388495,0.1078,26.186432571482523,566.9051556480717,14000.0,26.186432571482523,26.080022661014116,0.0
flaps_down,alpha,4.0,3.25,1.4332094826544317,nan,-0.2398165178396453,-0.20639186489471134,25.008567090699632,1.1909137950567386,0.014321196976631749,0.005807430118388495,0.1078,26.32740951285139,566.9051556480717,14000.0,26.32740951285139,26.080022661014116,0.0
flaps_down,alpha,4.0,3.5,1.4386873887516165,nan,-0.2415602551263183,-0.2091269087942337,25.138696850733933,1.2000348359708934,0.01444145564391958,0.005807430118388495,0.1078,26.466780572467133,566.9051556480717,14000.0,26.466780572467133,26.080022661014116,0.0
flaps_down,alpha,4.0,3.75,1.444036015560863,nan,-0.2432727103769133,-0.2118206297912614,25.266771891017747,1.2089741923425223,0.01456144480600576,0.005807430118388495,0.1078,26.603914958284665,566.9051556480717,14000.0,26.603914958284665,26.080022661014116,0.0
flaps_down,alpha,4.0,4.0,1.449281435913022,nan,-0.24496011049932098,-0.21448116887611166,25.393115361618225,1.2177732743143783,0.014681463319377253,0.005807430118388495,0.1078,26.73917752937037,566.9051556480717,14000.0,26.73917752937037,26.080022661014116,0.0
flaps_down,alpha,4.0,4.25,1.4544295299556547,nan,-0.2466238381083411,-0.2171103109483931,25.517764208086675,1.2264401154611413,0.01480153714621073,0.005807430118388495,0.1078,26.872613290812417,566.9051556480717,14000.0,26.872613290812417,26.080022661014116,0.0
flaps_down,alpha,4.0,4.5,1.4594804301515616,nan,-0.2482638890816023,-0.21970801323141947,25.64066295205834,1.2349731969895685,0.014921611887352188,0.005807430118388495,0.1078,27.004165191053648,566.9051556480717,14000.0,27.004165191053648,26.080022661014116,0.0
flaps_down,alpha,4.0,4.75,1.4644257235964813,nan,-0.24987817520012065,-0.2222714630260442,25.76158628920563,1.2433565253360255,0.015041503376281355,0.005807430118388495,0.1078,27.133591748036327,566.9051556480717,14000.0,27.133591748036327,26.080022661014116,0.0
flaps_down,alpha,4.0,5.0,1.46924567932155,nan,-0.25146184486797,-0.2247941717647735,25.880034785221216,1.2515546684677226,0.015160847168549983,0.005807430118388495,0.1078,27.260357730975876,566.9051556480717,14000.0,27.260357730975876,26.080022661014116,0.0
flaps_down,alpha,4.0,5.25,1.4739689253556902,nan,-0.25302188948393484,-0.22728544119090016,25.996477565943934,1.2596144538693044,0.015280025432627749,0.005807430118388495,0.1078,27.384979475364254,566.9051556480717,14000.0,27.384979475364254,26.080022661014116,0.0
flaps_down,alpha,4.0,5.5,1.4785955298028752,nan,-0.2545583429489908,-0.22974533406549108,26.110848317133858,1.267534409309839,0.015398991491498124,0.005807430118388495,0.1078,27.507389148053583,566.9051556480717,14000.0,27.507389148053583,26.080022661014116,0.0
flaps_down,alpha,4.0,5.75,1.4831255454977705,nan,-0.25607124484058047,-0.23217393031889302,26.223079226831054,1.2753130702648094,0.01551770026837522,0.005807430118388495,0.1078,27.627517427482626,566.9051556480717,14000.0,27.627517427482626,26.080022661014116,0.0
flaps_down,alpha,4.0,6.0,1.487536278121503,nan,-0.25755514167916893,-0.234564065155367,26.332545754863652,1.2829097694063916,0.01563574782248495,0.005807430118388495,0.1078,27.74469870221092,566.9051556480717,14000.0,27.74469870221092,26.080022661014116,0.0
flaps_down,alpha,4.0,6.25,1.4918361770045796,nan,-0.25901223633687,-0.2369188119507148,26.43930455905061,1.2903372926773125,0.015753229888190428,0.005807430118388495,0.1078,27.8590025117345,566.9051556480717,14000.0,27.8590025117345,26.080022661014116,0.0
flaps_down,alpha,4.0,6.5,1.4960393153987617,nan,-0.2604460808213459,-0.2392430141871548,26.543601726973794,1.2976183955330198,0.015870338794335536,0.005807430118388495,0.1078,27.97069789141954,566.9051556480717,14000.0,27.97069789141954,26.080022661014116,0.0
flaps_down,alpha,4.0,6.75,1.500145528259112,nan,-0.26185678605982315,-0.24153697408338448,26.64535128199871,1.304751376113957,0.015987044916354238,0.005807430118388495,0.1078,28.07969713314741,566.9051556480717,14000.0,28.07969713314741,26.080022661014116,0.0
flaps_down,alpha,4.0,7.0,1.504154616672698,nan,-0.2632444736698183,-0.24380102746886798,26.744464568059453,1.3117345029898178,0.016103321535374446,0.005807430118388495,0.1078,28.185909822703035,566.9051556480717,14000.0,28.185909822703035,26.080022661014116,0.0
flaps_down,alpha,4.0,7.25,1.508028755518131,nan,-0.2646006921576711,-0.24602473366073335,26.83971596869479,1.3185002782587751,0.016218582025488735,0.005807430118388495,0.1078,28.28804225909744,566.9051556480717,14000.0,28.28804225909744,26.080022661014116,0.0
flaps_down,alpha,4.0,7.5,1.5118045570206435,nan,-0.2659344673707324,-0.24822018763420087,26.931999194612054,1.3251110643795443,0.016333404786790528,0.005807430118388495,0.1078,28.38705109389678,566.9051556480717,14000.0,28.38705109389678,26.080022661014116,0.0
flaps_down,alpha,4.0,7.75,1.5154814178581724,nan,-0.2672460506215613,-0.25038813136814425,27.021193559934755,1.3315645095094448,0.016447789756443336,0.005807430118388495,0.1078,28.482813289319033,566.9051556480717,14000.0,28.482813289319033,26.080022661014116,0.0
flaps_down,alpha,4.0,8.0,1.519058659568178,nan,-0.26853571810287075,-0.2525293841462327,27.10717232725525,1.3378581530774603,0.01656174285412452,0.005807430118388495,0.1078,28.575199653305223,566.9051556480717,14000.0,28.575199653305223,26.080022661014116,0.0
flaps_down,alpha,4.0,8.25,1.5225204953409648,nan,-0.26980069656519895,-0.2546413627503309,27.189268660534292,1.3439628845373894,0.01667508857912058,0.005807430118388495,0.1078,28.663514063769192,566.9051556480717,14000.0,28.663514063769192,26.080022661014116,0.0
flaps_down,alpha,4.0,8.5,1.5258559670483813,nan,-0.2710398822757555,-0.2567242064854591,27.26687174126191,1.3498579256853045,0.01678779524592951,0.005807430118388495,0.1078,28.747124892311533,566.9051556480717,14000.0,28.747124892311533,26.080022661014116,0.0
flaps_down,alpha,4.0,8.75,1.5290873047071654,nan,-0.27225887645624364,-0.2587855437164094,27.340588818765024,1.3555812251728339,0.016900242114533497,0.005807430118388495,0.1078,28.82667771617078,566.9051556480717,14000.0,28.82667771617078,26.080022661014116,0.0
flaps_down,alpha,4.0,9.0,1.5322129062852832,nan,-0.2734582728558256,-0.26082717154221247,27.410217523301405,1.361128766151583,0.01701250023867765,0.005807430118388495,0.1078,28.901966219810056,566.9051556480717,14000.0,28.901966219810056,26.080022661014116,0.0
flaps_down,alpha,4.0,9.25,1.5352310237551507,nan,-0.2746387171886132,-0.26285104578879576,27.475543382054735,1.3664962871512973,0.01712465287022392,0.005807430118388495,0.1078,28.972771752194642,566.9051556480717,14000.0,28.972771752194642,26.080022661014116,0.0
flaps_down,alpha,4.0,9.5,1.5381059988412822,nan,-0.27579612309350127,-0.26485645561436216,27.53483243456672,1.3716190618191777,0.017236637351030384,0.005807430118388495,0.1078,29.037295563855317,566.9051556480717,14000.0,29.037295563855317,26.080022661014116,0.0
flaps_down,alpha,4.0,9.75,1.540855949541479,nan,-0.27693586699119294,-0.266851527241673,27.588536044510587,1.3765280299177831,0.017348889097760282,0.005807430118388495,0.1078,29.09602039364452,566.9051556480717,14000.0,29.09602039364452,26.080022661014116,0.0
flaps_down,alpha,4.0,10.0,1.543487265221467,nan,-0.2780607630000819,-0.268841286664623,27.636716132065548,1.381233430832439,0.017461680975098887,0.005807430118388495,0.1078,29.149018673991474,566.9051556480717,14000.0,29.149018673991474,26.080022661014116,0.0
flaps_down,alpha,4.0,10.25,1.5459962607946682,nan,-0.2791721743128529,-0.270829861595516,27.678996837220776,1.385727572504699,0.017575242860783297,0.005807430118388495,0.1078,29.195907082704647,566.9051556480717,14000.0,29.195907082704647,26.080022661014116,0.0
flaps_down,alpha,4.0,10.5,1.5483710396796875,nan,-0.28027105079109027,-0.27282245767394897,27.714559658560287,1.3899880278909909,0.01768987382645369,0.005807430118388495,0.1078,29.235844990396117,566.9051556480717,14000.0,29.235844990396117,26.080022661014116,0.0
flaps_down,alpha,4.0,10.75,1.5505673443242347,nan,-0.2813582539136734,-0.2748321533609287,27.74068692237403,1.3939341134856709,0.017806339645094614,0.005807430118388495,0.1078,29.266034805623185,566.9051556480717,14000.0,29.266034805623185,26.080022661014116,0.0
flaps_down,alpha,4.0,11.0,1.5526194509375193,nan,-0.28244015252728577,-0.2768653751749118,27.758803873115493,1.3976261740674474,0.017925038692480917,0.005807430118388495,0.1078,29.28796251599381,566.9051556480717,14000.0,29.28796251599381,26.080022661014116,0.0
flaps_down,alpha,4.0,11.25,1.5545199716719273,nan,-0.28351954133409724,-0.2789305436996615,27.768230516476073,1.4010498632712005,0.018046498415233495,0.005807430118388495,0.1078,29.300934308280898,566.9051556480717,14000.0,29.300934308280898,26.080022661014116,0.0
flaps_down,alpha,4.0,11.5,1.5562609090642572,nan,-0.2845994527391027,-0.28103679104639334,27.768237896848653,1.404189746914212,0.01817130385050585,0.005807430118388495,0.1078,29.30420637773176,566.9051556480717,14000.0,29.30420637773176,26.080022661014116,0.0
flaps_down,alpha,4.0,11.75,1.557794628112867,nan,-0.285685619065746,-0.28320949988277266,27.755560929569732,1.4069588118816003,0.018301031239796366,0.005807430118388495,0.1078,29.29442820280952,566.9051556480717,14000.0,29.29442820280952,26.080022661014116,0.0
flaps_down,alpha,4.0,12.0,1.5591048302212065,nan,-0.2867860414661611,-0.2854715663675201,27.728636581430504,1.4093264867670454,0.018437155511390173,0.005807430118388495,0.1078,29.270007653827328,566.9051556480717,14000.0,29.270007653827328,26.080022661014116,0.0
flaps_down,alpha,4.0,12.25,1.5602075090674161,nan,-0.2879052785276729,-0.28782972286483915,27.688099185403203,1.41132068756824,0.018580215101499528,0.005807430118388495,0.1078,29.231607518191332,566.9051556480717,14000.0,29.231607518191332,26.080022661014116,0.0
flaps_down,alpha,4.0,12.5,1.5610870882317343,nan,-0.2890492623600382,-0.29030181685644585,27.63263619554849,1.412912422230799,0.018731450368173457,0.005807430118388495,0.1078,29.17788749826585,566.9051556480717,14000.0,29.17788749826585,26.080022661014116,0.0
flaps_down,alpha,4.0,12.75,1.5617268566564217,nan,-0.2902243459840493,-0.29290696953253553,27.560851459764976,1.4140707457966823,0.018892225425564017,0.005807430118388495,0.1078,29.10742186110561,566.9051556480717,14000.0,29.10742186110561,26.080022661014116,0.0
flaps_down,alpha,4.0,13.0,1.561999624252277,nan,-0.2914575317717778,-0.29574047633778944,27.463516647340715,1.4145647455763461,0.0190687239010948,0.005807430118388495,0.1078,29.010757546936546,566.9051556480717,14000.0,29.010757546936546,26.080022661014116,0.0
flaps_down,alpha,4.0,13.25,1.5619529445330416,nan,-0.2927498043578996,-0.2987927795890907,27.343561331281254,1.414480199463176,0.01926075221398022,0.005807430118388495,0.1078,28.8909097130768,566.9051556480717,14000.0,28.8909097130768,26.080022661014116,0.0
flaps_down,alpha,4.0,13.5,1.5615656073140127,nan,-0.2941103926311343,-0.3020908907034367,27.19931468004726,1.413778753371242,0.019470461238168337,0.005807430118388495,0.1078,28.74617132477506,566.9051556480717,14000.0,28.74617132477506,26.080022661014116,0.0
flaps_down,alpha,4.0,13.75,1.5608062423604199,nan,-0.2955503671043927,-0.30566869138112807,27.028427084025147,1.41240409065931,0.019700557408999644,0.005807430118388495,0.1078,28.574139162211846,566.9051556480717,14000.0,28.574139162211846,26.080022661014116,0.0
flaps_down,alpha,4.0,14.0,1.559585063692943,nan,-0.29709494953116833,-0.3096079472770277,26.824393616229838,1.4101948183543118,0.019957033008752144,0.005807430118388495,0.1078,28.36815289771129,566.9051556480717,14000.0,28.36815289771129,26.080022661014116,0.0
flaps_down,alpha,4.0,14.25,1.5577572425213395,nan,-0.2987852021355812,-0.3140414404195584,26.577003139203125,1.4068912813415497,0.020249615259151012,0.005807430118388495,0.1078,28.117751465922215,566.9051556480717,14000.0,28.117751465922215,26.080022661014116,0.0
flaps_down,alpha,4.0,14.5,1.5553806603075004,nan,-0.3006111745670475,-0.3189313047338403,26.29082073049844,1.402601726923785,0.020577139352656294,0.005807430118388495,0.1078,27.82760702689327,566.9051556480717,14000.0,27.82760702689327,26.080022661014116,0.0
flaps_down,alpha,4.0,14.75,1.5524004195518932,nan,-0.3025875323692938,-0.32432575576910666,25.962497320116352,1.39723186958476,0.020944331387461476,0.005807430118388495,0.1078,27.494280951206964,566.9051556480717,14000.0,27.494280951206964,26.080022661014116,0.0
flaps_down,alpha,4.0,15.0,1.548758440163205,nan,-0.30472885504091113,-0.3302736013325026,25.588615527632737,1.390683661410413,0.021356330890845297,0.005807430118388495,0.1078,27.114262950052385,566.9051556480717,14000.0,27.114262950052385,26.080022661014116,0.0
flaps_down,alpha,4.0,15.25,1.5441619893995921,nan,-0.30710396907577403,-0.3370098840101877,25.150764461895733,1.3824412869778506,0.021831985943690502,0.005807430118388495,0.1078,26.668645164935665,566.9051556480717,14000.0,26.668645164935665,26.080022661014116,0.0
flaps_down,alpha,4.0,15.5,1.5385883327473608,nan,-0.30970619755287887,-0.3445245703522745,24.650142103248488,1.3724794474002204,0.02237393705210651,0.005807430118388495,0.1078,26.158602917819202,566.9051556480717,14000.0,26.158602917819202,26.080022661014116,0.0
flaps_down,alpha,4.0,15.75,1.532042370123754,nan,-0.312519033424804,-0.3527775966290874,24.089657129536103,1.3608257942127127,0.022982906742278084,0.005807430118388495,0.1078,25.587073260609483,552.3807862284401,13890.13671875,25.587073260609483,25.588884771082974,1.0
flaps_down,alpha,4.0,16.0,1.5244378053660415,nan,-0.3155438770558386,-0.36179380663109284,23.46660936735858,1.3473499207024198,0.023664666064642285,0.005807430118388495,0.1078,24.951231384244032,533.4266600986177,13743.65234375,24.951231384244032,24.942087888034973,1.0
flaps_down,alpha,4.0,16.25,1.5156471980605482,nan,-0.318784579345003,-0.37161408415650765,22.776575845573376,1.3318558480968319,0.024426799077647398,0.005807430118388495,0.1078,24.246465922866246,513.1134463209287,13582.51953125,24.246465922866246,24.24121048828843,1.0
flaps_down,alpha,4.0,16.5,1.5050927807277117,nan,-0.3222769876615389,-0.38246704905514173,21.99582397926301,1.3133713107031169,0.025292819050275743,0.005807430118388495,0.1078,23.448095539134794,490.40760551873433,13396.97265625,23.448095539134794,23.447845651693466,1.0
flaps_down,alpha,4.0,16.75,1.4930879154035377,nan,-0.3259063675625558,-0.3940044885466711,21.148750888218117,1.2925035390399096,0.026240793018996678,0.005807430118388495,0.1078,22.58110265039541,466.14982002421596,13191.89453125,22.58110265039541,22.587969191730917,1.0
flaps_down,alpha,4.0,17.0,1.4795457256960565,nan,-0.32962212011042,-0.4061290397856304,20.237915212915645,1.2691640544184328,0.027267365402979686,0.005807430118388495,0.1078,21.647954062855447,440.02660933852326,12962.40234375,21.647954062855447,21.64679400849569,1.0
flaps_down,alpha,4.0,17.25,1.4643849482676627,nan,-0.3333652135631523,-0.41872209637503627,19.266845079600113,1.2432872865012747,0.02836654375502732,0.005807430118388495,0.1078,20.652106339974804,412.87418762971055,12713.37890625,20.652106339974804,20.650561778725827,1.0
flaps_down,alpha,4.0,17.5,1.4472130254382332,nan,-0.3370286001837217,-0.4316298054684082,18.23286382481847,1.2142997494589851,0.029528017216221433,0.005807430118388495,0.1078,19.590299021612065,384.45511986578293,12439.94140625,19.590299021612065,19.586510584886227,1.0
flaps_down,alpha,4.0,17.75,1.4278945786855006,nan,-0.3404241530128185,-0.4444433196318355,17.15002875289671,1.1820974200265937,0.030715890311196085,0.005807430118388495,0.1078,18.476449493352888,355.58162990048265,12146.97265625,18.476449493352888,18.480908432539717,1.0
flaps_down,alpha,4.0,18.0,1.4067910679176319,nan,-0.3434491353804533,-0.4568306457854872,16.040728570007516,1.1474141054456652,0.03189728722827878,0.005807430118388495,0.1078,17.33364739279985,326.52443268472007,11834.47265625,17.33364739279985,17.340608206919093,1.0
